iter=0,err=0.565099
[[-0.5 -0.5 -0.5]
 [-0.5 -0.5  0.5]
 [-0.5  0.5 -0.5]
 [-0.5  0.5  0.5]
 [ 0.5 -0.5 -0.5]
 [ 0.5 -0.5  0.5]
 [ 0.5  0.5 -0.5]
 [ 0.5  0.5  0.5]]
[[0. 0. 0.]
 [0. 0. 1.]
 [0. 1. 0.]
 [0. 1. 1.]
 [1. 0. 0.]
 [1. 0. 1.]
 [1. 1. 0.]
 [1. 1. 1.]]
[[-0.1699694  -0.28750825 -0.9291273 ]
 [-0.06615611 -0.10766338  0.59963736]
 [-0.50913635  0.31518996 -0.67903465]
 [-0.99859199  0.24708769  0.0551653 ]
 [ 0.9358649  -0.9568216  -0.00631169]
 [ 0.62546365 -0.07325136  0.21489485]
 [ 0.53686802  0.9416167  -0.90230528]
 [ 0.28647254  0.78257439  0.22962873]]
[[0.50316845 0.66443734 0.11689094]
 [0.30913697 0.84937037 0.47291071]
 [0.99334398 0.00817214 0.95344423]
 [0.35771527 0.31792395 0.64629953]
 [0.30969481 0.85247779 0.95825703]
 [0.883801   0.93632691 0.88113996]
 [0.46686686 0.7374958  0.15242162]
 [0.93343639 0.81821352 0.31957704]]
tensor([[-0.1700, -0.2875, -0.9291],
        [-0.0662, -0.1077,  0.5996],
        [-0.5091,  0.3152, -0.6790],
        [-0.9986,  0.2471,  0.0552],
        [ 0.9359, -0.9568, -0.0063],
        [ 0.6255, -0.0733,  0.2149],
        [ 0.5369,  0.9416, -0.9023],
        [ 0.2865,  0.7826,  0.2296]], device='cuda:0', requires_grad=True)
tensor([[0.5032, 0.6644, 0.1169],
        [0.3091, 0.8494, 0.4729],
        [0.9933, 0.0082, 0.9534],
        [0.3577, 0.3179, 0.6463],
        [0.3097, 0.8525, 0.9583],
        [0.8838, 0.9363, 0.8811],
        [0.4669, 0.7375, 0.1524],
        [0.9334, 0.8182, 0.3196]], device='cuda:0', requires_grad=True)
[0.5650986433029175]
iter=10,err=0.551810
[[-0.5 -0.5 -0.5]
 [-0.5 -0.5  0.5]
 [-0.5  0.5 -0.5]
 [-0.5  0.5  0.5]
 [ 0.5 -0.5 -0.5]
 [ 0.5 -0.5  0.5]
 [ 0.5  0.5 -0.5]
 [ 0.5  0.5  0.5]]
[[0. 0. 0.]
 [0. 0. 1.]
 [0. 1. 0.]
 [0. 1. 1.]
 [1. 0. 0.]
 [1. 0. 1.]
 [1. 1. 0.]
 [1. 1. 1.]]
[[-0.1699694  -0.28750825 -0.9291273 ]
 [-0.06615611 -0.10766338  0.59963736]
 [-0.50913635  0.31518996 -0.67903465]
 [-0.99859199  0.24708769  0.0551653 ]
 [ 0.9358649  -0.9568216  -0.00631169]
 [ 0.62546365 -0.07325136  0.21489485]
 [ 0.53686802  0.9416167  -0.90230528]
 [ 0.28647254  0.78257439  0.22962873]]
[[0.50316845 0.66443734 0.11689094]
 [0.30913697 0.84937037 0.47291071]
 [0.99334398 0.00817214 0.95344423]
 [0.35771527 0.31792395 0.64629953]
 [0.30969481 0.85247779 0.95825703]
 [0.883801   0.93632691 0.88113996]
 [0.46686686 0.7374958  0.15242162]
 [0.93343639 0.81821352 0.31957704]]
tensor([[-0.1230, -0.2017, -0.8411],
        [ 0.0030, -0.1337,  0.6561],
        [-0.5317,  0.3288, -0.6605],
        [-0.9578,  0.2214,  0.0426],
        [ 0.9190, -0.8791,  0.0869],
        [ 0.6709, -0.1034,  0.2068],
        [ 0.4886,  0.8976, -0.8192],
        [ 0.2459,  0.7572,  0.3011]], device='cuda:0', requires_grad=True)
tensor([[0.4444, 0.5719, 0.0295],
        [0.3115, 0.7855, 0.5381],
        [0.9213, 0.0755, 0.8821],
        [0.2916, 0.3593, 0.5706],
        [0.3384, 0.7665, 0.8720],
        [0.8726, 0.8715, 0.8499],
        [0.4192, 0.6610, 0.0633],
        [0.8959, 0.8271, 0.2679]], device='cuda:0', requires_grad=True)
[0.5664452314376831, 0.5631975531578064, 0.5591406226158142, 0.5559068322181702, 0.5525689125061035, 0.5495361089706421, 0.5463299751281738, 0.5441441535949707, 0.5417896509170532, 0.5390408635139465]
iter=20,err=0.520849
[[-0.5 -0.5 -0.5]
 [-0.5 -0.5  0.5]
 [-0.5  0.5 -0.5]
 [-0.5  0.5  0.5]
 [ 0.5 -0.5 -0.5]
 [ 0.5 -0.5  0.5]
 [ 0.5  0.5 -0.5]
 [ 0.5  0.5  0.5]]
[[0. 0. 0.]
 [0. 0. 1.]
 [0. 1. 0.]
 [0. 1. 1.]
 [1. 0. 0.]
 [1. 0. 1.]
 [1. 1. 0.]
 [1. 1. 1.]]
[[-0.1699694  -0.28750825 -0.9291273 ]
 [-0.06615611 -0.10766338  0.59963736]
 [-0.50913635  0.31518996 -0.67903465]
 [-0.99859199  0.24708769  0.0551653 ]
 [ 0.9358649  -0.9568216  -0.00631169]
 [ 0.62546365 -0.07325136  0.21489485]
 [ 0.53686802  0.9416167  -0.90230528]
 [ 0.28647254  0.78257439  0.22962873]]
[[0.50316845 0.66443734 0.11689094]
 [0.30913697 0.84937037 0.47291071]
 [0.99334398 0.00817214 0.95344423]
 [0.35771527 0.31792395 0.64629953]
 [0.30969481 0.85247779 0.95825703]
 [0.883801   0.93632691 0.88113996]
 [0.46686686 0.7374958  0.15242162]
 [0.93343639 0.81821352 0.31957704]]
tensor([[-0.0952, -0.1550, -0.7718],
        [ 0.0176, -0.1452,  0.7014],
        [-0.4938,  0.3016, -0.6200],
        [-0.9329,  0.2534,  0.0949],
        [ 0.8764, -0.8215,  0.1635],
        [ 0.6746, -0.0987,  0.2505],
        [ 0.4286,  0.8318, -0.7538],
        [ 0.2022,  0.7323,  0.3550]], device='cuda:0', requires_grad=True)
tensor([[ 0.4106,  0.5033, -0.0180],
        [ 0.3111,  0.7408,  0.6113],
        [ 0.8571,  0.1364,  0.8208],
        [ 0.2229,  0.4068,  0.5460],
        [ 0.3812,  0.7029,  0.8091],
        [ 0.8891,  0.8080,  0.8685],
        [ 0.3986,  0.6092, -0.0067],
        [ 0.8429,  0.8548,  0.2941]], device='cuda:0', requires_grad=True)
[0.5361219048500061, 0.5330311059951782, 0.5302820205688477, 0.5270386934280396, 0.5232431888580322, 0.5192872285842896, 0.5154581069946289, 0.5118272304534912, 0.5079721212387085, 0.5042262077331543]
iter=30,err=0.488093
[[-0.5 -0.5 -0.5]
 [-0.5 -0.5  0.5]
 [-0.5  0.5 -0.5]
 [-0.5  0.5  0.5]
 [ 0.5 -0.5 -0.5]
 [ 0.5 -0.5  0.5]
 [ 0.5  0.5 -0.5]
 [ 0.5  0.5  0.5]]
[[0. 0. 0.]
 [0. 0. 1.]
 [0. 1. 0.]
 [0. 1. 1.]
 [1. 0. 0.]
 [1. 0. 1.]
 [1. 1. 0.]
 [1. 1. 1.]]
[[-0.1699694  -0.28750825 -0.9291273 ]
 [-0.06615611 -0.10766338  0.59963736]
 [-0.50913635  0.31518996 -0.67903465]
 [-0.99859199  0.24708769  0.0551653 ]
 [ 0.9358649  -0.9568216  -0.00631169]
 [ 0.62546365 -0.07325136  0.21489485]
 [ 0.53686802  0.9416167  -0.90230528]
 [ 0.28647254  0.78257439  0.22962873]]
[[0.50316845 0.66443734 0.11689094]
 [0.30913697 0.84937037 0.47291071]
 [0.99334398 0.00817214 0.95344423]
 [0.35771527 0.31792395 0.64629953]
 [0.30969481 0.85247779 0.95825703]
 [0.883801   0.93632691 0.88113996]
 [0.46686686 0.7374958  0.15242162]
 [0.93343639 0.81821352 0.31957704]]
tensor([[-0.0982, -0.1378, -0.7337],
        [-0.0136, -0.1923,  0.7460],
        [-0.4683,  0.2689, -0.5913],
        [-0.9397,  0.2742,  0.1303],
        [ 0.8143, -0.7742,  0.2140],
        [ 0.6761, -0.1383,  0.3022],
        [ 0.3831,  0.7640, -0.7092],
        [ 0.1686,  0.7075,  0.3945]], device='cuda:0', requires_grad=True)
tensor([[ 0.3919,  0.4456, -0.0312],
        [ 0.2993,  0.6809,  0.6947],
        [ 0.8054,  0.1882,  0.7751],
        [ 0.1545,  0.4349,  0.5829],
        [ 0.4110,  0.6556,  0.7644],
        [ 0.9146,  0.7350,  0.9110],
        [ 0.3865,  0.5738, -0.0499],
        [ 0.7962,  0.8806,  0.3643]], device='cuda:0', requires_grad=True)
[0.5007503032684326, 0.4974944293498993, 0.4947776794433594, 0.49255985021591187, 0.4899362027645111, 0.48713892698287964, 0.4843079447746277, 0.48119300603866577, 0.4779580533504486, 0.47480911016464233]
iter=40,err=0.458550
[[-0.5 -0.5 -0.5]
 [-0.5 -0.5  0.5]
 [-0.5  0.5 -0.5]
 [-0.5  0.5  0.5]
 [ 0.5 -0.5 -0.5]
 [ 0.5 -0.5  0.5]
 [ 0.5  0.5 -0.5]
 [ 0.5  0.5  0.5]]
[[0. 0. 0.]
 [0. 0. 1.]
 [0. 1. 0.]
 [0. 1. 1.]
 [1. 0. 0.]
 [1. 0. 1.]
 [1. 1. 0.]
 [1. 1. 1.]]
[[-0.1699694  -0.28750825 -0.9291273 ]
 [-0.06615611 -0.10766338  0.59963736]
 [-0.50913635  0.31518996 -0.67903465]
 [-0.99859199  0.24708769  0.0551653 ]
 [ 0.9358649  -0.9568216  -0.00631169]
 [ 0.62546365 -0.07325136  0.21489485]
 [ 0.53686802  0.9416167  -0.90230528]
 [ 0.28647254  0.78257439  0.22962873]]
[[0.50316845 0.66443734 0.11689094]
 [0.30913697 0.84937037 0.47291071]
 [0.99334398 0.00817214 0.95344423]
 [0.35771527 0.31792395 0.64629953]
 [0.30969481 0.85247779 0.95825703]
 [0.883801   0.93632691 0.88113996]
 [0.46686686 0.7374958  0.15242162]
 [0.93343639 0.81821352 0.31957704]]
tensor([[-0.0985, -0.1437, -0.7217],
        [-0.0584, -0.2402,  0.7807],
        [-0.4569,  0.2463, -0.5728],
        [-0.9251,  0.2909,  0.1424],
        [ 0.7718, -0.7359,  0.2469],
        [ 0.6782, -0.1638,  0.3339],
        [ 0.3840,  0.7134, -0.6931],
        [ 0.1908,  0.7011,  0.4135]], device='cuda:0', requires_grad=True)
tensor([[ 0.3767,  0.3993, -0.0352],
        [ 0.2822,  0.6213,  0.7702],
        [ 0.7597,  0.2401,  0.7335],
        [ 0.0911,  0.4531,  0.6093],
        [ 0.4389,  0.6193,  0.7316],
        [ 0.9325,  0.6640,  0.9482],
        [ 0.4004,  0.5625, -0.0749],
        [ 0.7610,  0.9053,  0.4283]], device='cuda:0', requires_grad=True)
[0.4716658890247345, 0.4684160351753235, 0.46542713046073914, 0.46270984411239624, 0.4597040116786957, 0.4569205045700073, 0.4541694223880768, 0.4515010714530945, 0.4487159848213196, 0.44627076387405396]
iter=50,err=0.433482
[[-0.5 -0.5 -0.5]
 [-0.5 -0.5  0.5]
 [-0.5  0.5 -0.5]
 [-0.5  0.5  0.5]
 [ 0.5 -0.5 -0.5]
 [ 0.5 -0.5  0.5]
 [ 0.5  0.5 -0.5]
 [ 0.5  0.5  0.5]]
[[0. 0. 0.]
 [0. 0. 1.]
 [0. 1. 0.]
 [0. 1. 1.]
 [1. 0. 0.]
 [1. 0. 1.]
 [1. 1. 0.]
 [1. 1. 1.]]
[[-0.1699694  -0.28750825 -0.9291273 ]
 [-0.06615611 -0.10766338  0.59963736]
 [-0.50913635  0.31518996 -0.67903465]
 [-0.99859199  0.24708769  0.0551653 ]
 [ 0.9358649  -0.9568216  -0.00631169]
 [ 0.62546365 -0.07325136  0.21489485]
 [ 0.53686802  0.9416167  -0.90230528]
 [ 0.28647254  0.78257439  0.22962873]]
[[0.50316845 0.66443734 0.11689094]
 [0.30913697 0.84937037 0.47291071]
 [0.99334398 0.00817214 0.95344423]
 [0.35771527 0.31792395 0.64629953]
 [0.30969481 0.85247779 0.95825703]
 [0.883801   0.93632691 0.88113996]
 [0.46686686 0.7374958  0.15242162]
 [0.93343639 0.81821352 0.31957704]]
tensor([[-0.1080, -0.1672, -0.7227],
        [-0.0858, -0.2885,  0.7961],
        [-0.4424,  0.2363, -0.5559],
        [-0.9099,  0.3114,  0.1467],
        [ 0.7482, -0.7076,  0.2640],
        [ 0.6720, -0.1982,  0.3440],
        [ 0.4063,  0.6879, -0.6911],
        [ 0.2321,  0.7180,  0.4400]], device='cuda:0', requires_grad=True)
tensor([[ 0.3667,  0.3488, -0.0270],
        [ 0.2747,  0.5556,  0.8382],
        [ 0.7236,  0.2883,  0.6979],
        [ 0.0379,  0.4483,  0.6082],
        [ 0.4652,  0.5892,  0.7091],
        [ 0.9602,  0.5949,  0.9860],
        [ 0.4352,  0.5706, -0.0879],
        [ 0.7386,  0.9297,  0.4852]], device='cuda:0', requires_grad=True)
[0.4439423382282257, 0.4420611262321472, 0.44017094373703003, 0.43753305077552795, 0.4348115622997284, 0.432209312915802, 0.4298335909843445, 0.4274226427078247, 0.4248051047325134, 0.4220270812511444]
iter=60,err=0.408241
[[-0.5 -0.5 -0.5]
 [-0.5 -0.5  0.5]
 [-0.5  0.5 -0.5]
 [-0.5  0.5  0.5]
 [ 0.5 -0.5 -0.5]
 [ 0.5 -0.5  0.5]
 [ 0.5  0.5 -0.5]
 [ 0.5  0.5  0.5]]
[[0. 0. 0.]
 [0. 0. 1.]
 [0. 1. 0.]
 [0. 1. 1.]
 [1. 0. 0.]
 [1. 0. 1.]
 [1. 1. 0.]
 [1. 1. 1.]]
[[-0.1699694  -0.28750825 -0.9291273 ]
 [-0.06615611 -0.10766338  0.59963736]
 [-0.50913635  0.31518996 -0.67903465]
 [-0.99859199  0.24708769  0.0551653 ]
 [ 0.9358649  -0.9568216  -0.00631169]
 [ 0.62546365 -0.07325136  0.21489485]
 [ 0.53686802  0.9416167  -0.90230528]
 [ 0.28647254  0.78257439  0.22962873]]
[[0.50316845 0.66443734 0.11689094]
 [0.30913697 0.84937037 0.47291071]
 [0.99334398 0.00817214 0.95344423]
 [0.35771527 0.31792395 0.64629953]
 [0.30969481 0.85247779 0.95825703]
 [0.883801   0.93632691 0.88113996]
 [0.46686686 0.7374958  0.15242162]
 [0.93343639 0.81821352 0.31957704]]
tensor([[-0.1161, -0.2018, -0.7270],
        [-0.1074, -0.3350,  0.7871],
        [-0.4241,  0.2313, -0.5418],
        [-0.8702,  0.3315,  0.1481],
        [ 0.7275, -0.7011,  0.2649],
        [ 0.6599, -0.2230,  0.3565],
        [ 0.4192,  0.6472, -0.6736],
        [ 0.2728,  0.7161,  0.4405]], device='cuda:0', requires_grad=True)
tensor([[ 0.3604,  0.3206, -0.0250],
        [ 0.2619,  0.5086,  0.8930],
        [ 0.6789,  0.3468,  0.6543],
        [-0.0181,  0.4632,  0.5968],
        [ 0.4883,  0.5660,  0.6948],
        [ 0.9670,  0.5464,  1.0031],
        [ 0.4564,  0.5804, -0.1038],
        [ 0.7068,  0.9660,  0.5418]], device='cuda:0', requires_grad=True)
[0.4194905757904053, 0.41724738478660583, 0.4148750603199005, 0.4123929738998413, 0.40988689661026, 0.4075436294078827, 0.4047263264656067, 0.40175527334213257, 0.3988017439842224, 0.3956867456436157]
iter=70,err=0.379462
[[-0.5 -0.5 -0.5]
 [-0.5 -0.5  0.5]
 [-0.5  0.5 -0.5]
 [-0.5  0.5  0.5]
 [ 0.5 -0.5 -0.5]
 [ 0.5 -0.5  0.5]
 [ 0.5  0.5 -0.5]
 [ 0.5  0.5  0.5]]
[[0. 0. 0.]
 [0. 0. 1.]
 [0. 1. 0.]
 [0. 1. 1.]
 [1. 0. 0.]
 [1. 0. 1.]
 [1. 1. 0.]
 [1. 1. 1.]]
[[-0.1699694  -0.28750825 -0.9291273 ]
 [-0.06615611 -0.10766338  0.59963736]
 [-0.50913635  0.31518996 -0.67903465]
 [-0.99859199  0.24708769  0.0551653 ]
 [ 0.9358649  -0.9568216  -0.00631169]
 [ 0.62546365 -0.07325136  0.21489485]
 [ 0.53686802  0.9416167  -0.90230528]
 [ 0.28647254  0.78257439  0.22962873]]
[[0.50316845 0.66443734 0.11689094]
 [0.30913697 0.84937037 0.47291071]
 [0.99334398 0.00817214 0.95344423]
 [0.35771527 0.31792395 0.64629953]
 [0.30969481 0.85247779 0.95825703]
 [0.883801   0.93632691 0.88113996]
 [0.46686686 0.7374958  0.15242162]
 [0.93343639 0.81821352 0.31957704]]
tensor([[-0.1229, -0.2376, -0.7205],
        [-0.1376, -0.3671,  0.7814],
        [-0.4133,  0.2453, -0.5293],
        [-0.8429,  0.3420,  0.1559],
        [ 0.6850, -0.6830,  0.2611],
        [ 0.6374, -0.2370,  0.3671],
        [ 0.4174,  0.6019, -0.6487],
        [ 0.3086,  0.7000,  0.4421]], device='cuda:0', requires_grad=True)
tensor([[ 0.3752,  0.2870, -0.0339],
        [ 0.2676,  0.4632,  0.9288],
        [ 0.6435,  0.3950,  0.6192],
        [-0.0565,  0.4735,  0.5872],
        [ 0.5384,  0.5291,  0.6809],
        [ 0.9817,  0.4977,  1.0015],
        [ 0.5045,  0.5759, -0.1159],
        [ 0.7005,  0.9892,  0.5872]], device='cuda:0', requires_grad=True)
[0.39272066950798035, 0.3898414671421051, 0.3866705298423767, 0.38366180658340454, 0.3809613883495331, 0.37808117270469666, 0.375103235244751, 0.37224286794662476, 0.36929214000701904, 0.3660452365875244]
iter=80,err=0.348777
[[-0.5 -0.5 -0.5]
 [-0.5 -0.5  0.5]
 [-0.5  0.5 -0.5]
 [-0.5  0.5  0.5]
 [ 0.5 -0.5 -0.5]
 [ 0.5 -0.5  0.5]
 [ 0.5  0.5 -0.5]
 [ 0.5  0.5  0.5]]
[[0. 0. 0.]
 [0. 0. 1.]
 [0. 1. 0.]
 [0. 1. 1.]
 [1. 0. 0.]
 [1. 0. 1.]
 [1. 1. 0.]
 [1. 1. 1.]]
[[-0.1699694  -0.28750825 -0.9291273 ]
 [-0.06615611 -0.10766338  0.59963736]
 [-0.50913635  0.31518996 -0.67903465]
 [-0.99859199  0.24708769  0.0551653 ]
 [ 0.9358649  -0.9568216  -0.00631169]
 [ 0.62546365 -0.07325136  0.21489485]
 [ 0.53686802  0.9416167  -0.90230528]
 [ 0.28647254  0.78257439  0.22962873]]
[[0.50316845 0.66443734 0.11689094]
 [0.30913697 0.84937037 0.47291071]
 [0.99334398 0.00817214 0.95344423]
 [0.35771527 0.31792395 0.64629953]
 [0.30969481 0.85247779 0.95825703]
 [0.883801   0.93632691 0.88113996]
 [0.46686686 0.7374958  0.15242162]
 [0.93343639 0.81821352 0.31957704]]
tensor([[-0.1310, -0.2658, -0.7102],
        [-0.1928, -0.4083,  0.7732],
        [-0.4230,  0.2998, -0.5367],
        [-0.8457,  0.3892,  0.1567],
        [ 0.6640, -0.6609,  0.2443],
        [ 0.6503, -0.2711,  0.4024],
        [ 0.4081,  0.5565, -0.6228],
        [ 0.3317,  0.7018,  0.4378]], device='cuda:0', requires_grad=True)
tensor([[ 0.3759,  0.2573, -0.0416],
        [ 0.2691,  0.4160,  0.9653],
        [ 0.6126,  0.4381,  0.5853],
        [-0.0921,  0.4996,  0.5956],
        [ 0.5782,  0.4997,  0.6738],
        [ 0.9951,  0.4510,  0.9988],
        [ 0.5426,  0.5736, -0.1231],
        [ 0.7064,  1.0069,  0.6331]], device='cuda:0', requires_grad=True)
[0.362932026386261, 0.35944706201553345, 0.355962336063385, 0.3526863753795624, 0.34960585832595825, 0.3466801047325134, 0.34394150972366333, 0.3413269519805908, 0.33876320719718933, 0.3364219665527344]
iter=90,err=0.324480
[[-0.5 -0.5 -0.5]
 [-0.5 -0.5  0.5]
 [-0.5  0.5 -0.5]
 [-0.5  0.5  0.5]
 [ 0.5 -0.5 -0.5]
 [ 0.5 -0.5  0.5]
 [ 0.5  0.5 -0.5]
 [ 0.5  0.5  0.5]]
[[0. 0. 0.]
 [0. 0. 1.]
 [0. 1. 0.]
 [0. 1. 1.]
 [1. 0. 0.]
 [1. 0. 1.]
 [1. 1. 0.]
 [1. 1. 1.]]
[[-0.1699694  -0.28750825 -0.9291273 ]
 [-0.06615611 -0.10766338  0.59963736]
 [-0.50913635  0.31518996 -0.67903465]
 [-0.99859199  0.24708769  0.0551653 ]
 [ 0.9358649  -0.9568216  -0.00631169]
 [ 0.62546365 -0.07325136  0.21489485]
 [ 0.53686802  0.9416167  -0.90230528]
 [ 0.28647254  0.78257439  0.22962873]]
[[0.50316845 0.66443734 0.11689094]
 [0.30913697 0.84937037 0.47291071]
 [0.99334398 0.00817214 0.95344423]
 [0.35771527 0.31792395 0.64629953]
 [0.30969481 0.85247779 0.95825703]
 [0.883801   0.93632691 0.88113996]
 [0.46686686 0.7374958  0.15242162]
 [0.93343639 0.81821352 0.31957704]]
tensor([[-0.1425, -0.3005, -0.6989],
        [-0.2419, -0.4339,  0.7525],
        [-0.4340,  0.3335, -0.5387],
        [-0.8463,  0.4192,  0.1554],
        [ 0.6577, -0.6364,  0.2319],
        [ 0.6613, -0.3068,  0.3979],
        [ 0.4072,  0.5265, -0.5950],
        [ 0.3225,  0.6829,  0.4273]], device='cuda:0', requires_grad=True)
tensor([[ 0.3669,  0.2263, -0.0487],
        [ 0.2480,  0.3605,  0.9840],
        [ 0.5822,  0.4823,  0.5521],
        [-0.1277,  0.5380,  0.5966],
        [ 0.6079,  0.4732,  0.6653],
        [ 1.0054,  0.4016,  0.9970],
        [ 0.5740,  0.5761, -0.1295],
        [ 0.7073,  1.0207,  0.6646]], device='cuda:0', requires_grad=True)
[0.3341079354286194, 0.33196210861206055, 0.32999366521835327, 0.32814860343933105, 0.326191246509552, 0.32393231987953186, 0.32148605585098267, 0.31873223185539246, 0.3162083625793457, 0.31403490900993347]
iter=100,err=0.300038
[[-0.5 -0.5 -0.5]
 [-0.5 -0.5  0.5]
 [-0.5  0.5 -0.5]
 [-0.5  0.5  0.5]
 [ 0.5 -0.5 -0.5]
 [ 0.5 -0.5  0.5]
 [ 0.5  0.5 -0.5]
 [ 0.5  0.5  0.5]]
[[0. 0. 0.]
 [0. 0. 1.]
 [0. 1. 0.]
 [0. 1. 1.]
 [1. 0. 0.]
 [1. 0. 1.]
 [1. 1. 0.]
 [1. 1. 1.]]
[[-0.1699694  -0.28750825 -0.9291273 ]
 [-0.06615611 -0.10766338  0.59963736]
 [-0.50913635  0.31518996 -0.67903465]
 [-0.99859199  0.24708769  0.0551653 ]
 [ 0.9358649  -0.9568216  -0.00631169]
 [ 0.62546365 -0.07325136  0.21489485]
 [ 0.53686802  0.9416167  -0.90230528]
 [ 0.28647254  0.78257439  0.22962873]]
[[0.50316845 0.66443734 0.11689094]
 [0.30913697 0.84937037 0.47291071]
 [0.99334398 0.00817214 0.95344423]
 [0.35771527 0.31792395 0.64629953]
 [0.30969481 0.85247779 0.95825703]
 [0.883801   0.93632691 0.88113996]
 [0.46686686 0.7374958  0.15242162]
 [0.93343639 0.81821352 0.31957704]]
tensor([[-0.1551, -0.3585, -0.7052],
        [-0.2923, -0.4703,  0.7311],
        [-0.4382,  0.3610, -0.5317],
        [-0.8427,  0.4649,  0.1951],
        [ 0.6441, -0.6157,  0.2151],
        [ 0.6485, -0.3318,  0.3946],
        [ 0.4329,  0.5094, -0.6010],
        [ 0.3196,  0.6806,  0.4573]], device='cuda:0', requires_grad=True)
tensor([[ 0.3620,  0.1978, -0.0394],
        [ 0.2359,  0.3082,  1.0103],
        [ 0.5565,  0.5182,  0.5232],
        [-0.1541,  0.5623,  0.5921],
        [ 0.6324,  0.4503,  0.6592],
        [ 1.0162,  0.3424,  0.9916],
        [ 0.6104,  0.5892, -0.1266],
        [ 0.7188,  1.0294,  0.7061]], device='cuda:0', requires_grad=True)
[0.3114433288574219, 0.3085705637931824, 0.306000679731369, 0.30333536863327026, 0.30077245831489563, 0.29833856225013733, 0.29607754945755005, 0.2937498390674591, 0.2919539511203766, 0.2901345491409302]
iter=110,err=0.280305
[[-0.5 -0.5 -0.5]
 [-0.5 -0.5  0.5]
 [-0.5  0.5 -0.5]
 [-0.5  0.5  0.5]
 [ 0.5 -0.5 -0.5]
 [ 0.5 -0.5  0.5]
 [ 0.5  0.5 -0.5]
 [ 0.5  0.5  0.5]]
[[0. 0. 0.]
 [0. 0. 1.]
 [0. 1. 0.]
 [0. 1. 1.]
 [1. 0. 0.]
 [1. 0. 1.]
 [1. 1. 0.]
 [1. 1. 1.]]
[[-0.1699694  -0.28750825 -0.9291273 ]
 [-0.06615611 -0.10766338  0.59963736]
 [-0.50913635  0.31518996 -0.67903465]
 [-0.99859199  0.24708769  0.0551653 ]
 [ 0.9358649  -0.9568216  -0.00631169]
 [ 0.62546365 -0.07325136  0.21489485]
 [ 0.53686802  0.9416167  -0.90230528]
 [ 0.28647254  0.78257439  0.22962873]]
[[0.50316845 0.66443734 0.11689094]
 [0.30913697 0.84937037 0.47291071]
 [0.99334398 0.00817214 0.95344423]
 [0.35771527 0.31792395 0.64629953]
 [0.30969481 0.85247779 0.95825703]
 [0.883801   0.93632691 0.88113996]
 [0.46686686 0.7374958  0.15242162]
 [0.93343639 0.81821352 0.31957704]]
tensor([[-0.1605, -0.4014, -0.7143],
        [-0.3154, -0.4990,  0.6911],
        [-0.4351,  0.3927, -0.5344],
        [-0.8312,  0.4855,  0.2253],
        [ 0.6444, -0.6016,  0.2019],
        [ 0.6494, -0.3467,  0.4043],
        [ 0.4734,  0.5032, -0.6144],
        [ 0.3251,  0.6811,  0.4637]], device='cuda:0', requires_grad=True)
tensor([[ 0.3575,  0.1724, -0.0434],
        [ 0.2147,  0.2623,  1.0209],
        [ 0.5270,  0.5616,  0.4879],
        [-0.1791,  0.5907,  0.5803],
        [ 0.6588,  0.4330,  0.6567],
        [ 1.0322,  0.2913,  0.9785],
        [ 0.6489,  0.6099, -0.1264],
        [ 0.7266,  1.0422,  0.7356]], device='cuda:0', requires_grad=True)
[0.2882290482521057, 0.28634053468704224, 0.28435397148132324, 0.2824130058288574, 0.2805453836917877, 0.27880579233169556, 0.2771633565425873, 0.2760675549507141, 0.2750689387321472, 0.2740597724914551]
iter=120,err=0.266774
[[-0.5 -0.5 -0.5]
 [-0.5 -0.5  0.5]
 [-0.5  0.5 -0.5]
 [-0.5  0.5  0.5]
 [ 0.5 -0.5 -0.5]
 [ 0.5 -0.5  0.5]
 [ 0.5  0.5 -0.5]
 [ 0.5  0.5  0.5]]
[[0. 0. 0.]
 [0. 0. 1.]
 [0. 1. 0.]
 [0. 1. 1.]
 [1. 0. 0.]
 [1. 0. 1.]
 [1. 1. 0.]
 [1. 1. 1.]]
[[-0.1699694  -0.28750825 -0.9291273 ]
 [-0.06615611 -0.10766338  0.59963736]
 [-0.50913635  0.31518996 -0.67903465]
 [-0.99859199  0.24708769  0.0551653 ]
 [ 0.9358649  -0.9568216  -0.00631169]
 [ 0.62546365 -0.07325136  0.21489485]
 [ 0.53686802  0.9416167  -0.90230528]
 [ 0.28647254  0.78257439  0.22962873]]
[[0.50316845 0.66443734 0.11689094]
 [0.30913697 0.84937037 0.47291071]
 [0.99334398 0.00817214 0.95344423]
 [0.35771527 0.31792395 0.64629953]
 [0.30969481 0.85247779 0.95825703]
 [0.883801   0.93632691 0.88113996]
 [0.46686686 0.7374958  0.15242162]
 [0.93343639 0.81821352 0.31957704]]
tensor([[-0.1475, -0.4558, -0.7243],
        [-0.3474, -0.5354,  0.6441],
        [-0.4304,  0.4236, -0.5328],
        [-0.8179,  0.4928,  0.2609],
        [ 0.6539, -0.5768,  0.1891],
        [ 0.6672, -0.3910,  0.4056],
        [ 0.5172,  0.4982, -0.6249],
        [ 0.3430,  0.6820,  0.4623]], device='cuda:0', requires_grad=True)
tensor([[ 0.3305,  0.1479, -0.0599],
        [ 0.1825,  0.2198,  1.0302],
        [ 0.4973,  0.6025,  0.4508],
        [-0.2040,  0.6245,  0.5626],
        [ 0.6770,  0.4185,  0.6516],
        [ 1.0427,  0.2465,  0.9668],
        [ 0.6774,  0.6272, -0.1303],
        [ 0.7293,  1.0488,  0.7542]], device='cuda:0', requires_grad=True)
[0.2728915810585022, 0.2712695598602295, 0.26978179812431335, 0.26837992668151855, 0.26724010705947876, 0.26631227135658264, 0.26511645317077637, 0.26387327909469604, 0.2622731328010559, 0.26059994101524353]
iter=130,err=0.252357
[[-0.5 -0.5 -0.5]
 [-0.5 -0.5  0.5]
 [-0.5  0.5 -0.5]
 [-0.5  0.5  0.5]
 [ 0.5 -0.5 -0.5]
 [ 0.5 -0.5  0.5]
 [ 0.5  0.5 -0.5]
 [ 0.5  0.5  0.5]]
[[0. 0. 0.]
 [0. 0. 1.]
 [0. 1. 0.]
 [0. 1. 1.]
 [1. 0. 0.]
 [1. 0. 1.]
 [1. 1. 0.]
 [1. 1. 1.]]
[[-0.1699694  -0.28750825 -0.9291273 ]
 [-0.06615611 -0.10766338  0.59963736]
 [-0.50913635  0.31518996 -0.67903465]
 [-0.99859199  0.24708769  0.0551653 ]
 [ 0.9358649  -0.9568216  -0.00631169]
 [ 0.62546365 -0.07325136  0.21489485]
 [ 0.53686802  0.9416167  -0.90230528]
 [ 0.28647254  0.78257439  0.22962873]]
[[0.50316845 0.66443734 0.11689094]
 [0.30913697 0.84937037 0.47291071]
 [0.99334398 0.00817214 0.95344423]
 [0.35771527 0.31792395 0.64629953]
 [0.30969481 0.85247779 0.95825703]
 [0.883801   0.93632691 0.88113996]
 [0.46686686 0.7374958  0.15242162]
 [0.93343639 0.81821352 0.31957704]]
tensor([[-0.1382, -0.4971, -0.7325],
        [-0.3756, -0.5570,  0.6358],
        [-0.4029,  0.4333, -0.5131],
        [-0.7800,  0.4889,  0.3086],
        [ 0.6375, -0.5605,  0.1849],
        [ 0.6521, -0.4171,  0.4233],
        [ 0.5468,  0.4656, -0.6154],
        [ 0.3734,  0.6697,  0.4797]], device='cuda:0', requires_grad=True)
tensor([[ 0.3126,  0.1286, -0.0794],
        [ 0.1618,  0.1831,  1.0378],
        [ 0.4666,  0.6420,  0.4124],
        [-0.2227,  0.6428,  0.5363],
        [ 0.6973,  0.4014,  0.6446],
        [ 1.0692,  0.2089,  0.9576],
        [ 0.7060,  0.6421, -0.1350],
        [ 0.7358,  1.0490,  0.7699]], device='cuda:0', requires_grad=True)
[0.2593107223510742, 0.2577844560146332, 0.25632065534591675, 0.25476717948913574, 0.25310829281806946, 0.25172239542007446, 0.250110000371933, 0.24841448664665222, 0.24689175188541412, 0.24513576924800873]
iter=140,err=0.235371
[[-0.5 -0.5 -0.5]
 [-0.5 -0.5  0.5]
 [-0.5  0.5 -0.5]
 [-0.5  0.5  0.5]
 [ 0.5 -0.5 -0.5]
 [ 0.5 -0.5  0.5]
 [ 0.5  0.5 -0.5]
 [ 0.5  0.5  0.5]]
[[0. 0. 0.]
 [0. 0. 1.]
 [0. 1. 0.]
 [0. 1. 1.]
 [1. 0. 0.]
 [1. 0. 1.]
 [1. 1. 0.]
 [1. 1. 1.]]
[[-0.1699694  -0.28750825 -0.9291273 ]
 [-0.06615611 -0.10766338  0.59963736]
 [-0.50913635  0.31518996 -0.67903465]
 [-0.99859199  0.24708769  0.0551653 ]
 [ 0.9358649  -0.9568216  -0.00631169]
 [ 0.62546365 -0.07325136  0.21489485]
 [ 0.53686802  0.9416167  -0.90230528]
 [ 0.28647254  0.78257439  0.22962873]]
[[0.50316845 0.66443734 0.11689094]
 [0.30913697 0.84937037 0.47291071]
 [0.99334398 0.00817214 0.95344423]
 [0.35771527 0.31792395 0.64629953]
 [0.30969481 0.85247779 0.95825703]
 [0.883801   0.93632691 0.88113996]
 [0.46686686 0.7374958  0.15242162]
 [0.93343639 0.81821352 0.31957704]]
tensor([[-0.1365, -0.5243, -0.7373],
        [-0.3699, -0.5526,  0.6089],
        [-0.3801,  0.4394, -0.4941],
        [-0.7233,  0.4451,  0.3263],
        [ 0.6073, -0.5370,  0.1784],
        [ 0.6123, -0.4225,  0.4455],
        [ 0.5407,  0.4409, -0.5891],
        [ 0.3937,  0.6418,  0.4828]], device='cuda:0', requires_grad=True)
tensor([[ 0.2968,  0.1166, -0.0941],
        [ 0.1427,  0.1522,  1.0398],
        [ 0.4370,  0.6867,  0.3742],
        [-0.2352,  0.6612,  0.5303],
        [ 0.7121,  0.3857,  0.6365],
        [ 1.0701,  0.1829,  0.9365],
        [ 0.7277,  0.6536, -0.1392],
        [ 0.7456,  1.0505,  0.7880]], device='cuda:0', requires_grad=True)
[0.243434876203537, 0.24177150428295135, 0.24030962586402893, 0.23836597800254822, 0.23650580644607544, 0.23447130620479584, 0.23264068365097046, 0.23059821128845215, 0.22869223356246948, 0.22692440450191498]
iter=150,err=0.221604
[[-0.5 -0.5 -0.5]
 [-0.5 -0.5  0.5]
 [-0.5  0.5 -0.5]
 [-0.5  0.5  0.5]
 [ 0.5 -0.5 -0.5]
 [ 0.5 -0.5  0.5]
 [ 0.5  0.5 -0.5]
 [ 0.5  0.5  0.5]]
[[0. 0. 0.]
 [0. 0. 1.]
 [0. 1. 0.]
 [0. 1. 1.]
 [1. 0. 0.]
 [1. 0. 1.]
 [1. 1. 0.]
 [1. 1. 1.]]
[[-0.1699694  -0.28750825 -0.9291273 ]
 [-0.06615611 -0.10766338  0.59963736]
 [-0.50913635  0.31518996 -0.67903465]
 [-0.99859199  0.24708769  0.0551653 ]
 [ 0.9358649  -0.9568216  -0.00631169]
 [ 0.62546365 -0.07325136  0.21489485]
 [ 0.53686802  0.9416167  -0.90230528]
 [ 0.28647254  0.78257439  0.22962873]]
[[0.50316845 0.66443734 0.11689094]
 [0.30913697 0.84937037 0.47291071]
 [0.99334398 0.00817214 0.95344423]
 [0.35771527 0.31792395 0.64629953]
 [0.30969481 0.85247779 0.95825703]
 [0.883801   0.93632691 0.88113996]
 [0.46686686 0.7374958  0.15242162]
 [0.93343639 0.81821352 0.31957704]]
tensor([[-0.1396, -0.5385, -0.7416],
        [-0.3745, -0.5299,  0.5793],
        [-0.3784,  0.4689, -0.4968],
        [-0.7084,  0.4395,  0.3431],
        [ 0.6114, -0.5195,  0.1465],
        [ 0.5821, -0.4074,  0.4458],
        [ 0.5371,  0.4360, -0.5864],
        [ 0.4104,  0.6175,  0.4900]], device='cuda:0', requires_grad=True)
tensor([[ 0.3033,  0.1004, -0.1079],
        [ 0.1354,  0.1253,  1.0418],
        [ 0.4193,  0.7164,  0.3501],
        [-0.2370,  0.6727,  0.5433],
        [ 0.7573,  0.3573,  0.6388],
        [ 1.0761,  0.1533,  0.9242],
        [ 0.7784,  0.6614, -0.1296],
        [ 0.7809,  1.0383,  0.8212]], device='cuda:0', requires_grad=True)
[0.22544735670089722, 0.2242031693458557, 0.22311775386333466, 0.222202867269516, 0.22133074700832367, 0.221003919839859, 0.22060680389404297, 0.2201845347881317, 0.2193804532289505, 0.2185634970664978]
iter=160,err=0.212250
[[-0.5 -0.5 -0.5]
 [-0.5 -0.5  0.5]
 [-0.5  0.5 -0.5]
 [-0.5  0.5  0.5]
 [ 0.5 -0.5 -0.5]
 [ 0.5 -0.5  0.5]
 [ 0.5  0.5 -0.5]
 [ 0.5  0.5  0.5]]
[[0. 0. 0.]
 [0. 0. 1.]
 [0. 1. 0.]
 [0. 1. 1.]
 [1. 0. 0.]
 [1. 0. 1.]
 [1. 1. 0.]
 [1. 1. 1.]]
[[-0.1699694  -0.28750825 -0.9291273 ]
 [-0.06615611 -0.10766338  0.59963736]
 [-0.50913635  0.31518996 -0.67903465]
 [-0.99859199  0.24708769  0.0551653 ]
 [ 0.9358649  -0.9568216  -0.00631169]
 [ 0.62546365 -0.07325136  0.21489485]
 [ 0.53686802  0.9416167  -0.90230528]
 [ 0.28647254  0.78257439  0.22962873]]
[[0.50316845 0.66443734 0.11689094]
 [0.30913697 0.84937037 0.47291071]
 [0.99334398 0.00817214 0.95344423]
 [0.35771527 0.31792395 0.64629953]
 [0.30969481 0.85247779 0.95825703]
 [0.883801   0.93632691 0.88113996]
 [0.46686686 0.7374958  0.15242162]
 [0.93343639 0.81821352 0.31957704]]
tensor([[-0.1636, -0.5472, -0.7466],
        [-0.3967, -0.5083,  0.5614],
        [-0.4059,  0.5091, -0.5141],
        [-0.7202,  0.4729,  0.3714],
        [ 0.6074, -0.5008,  0.1305],
        [ 0.5774, -0.4076,  0.4719],
        [ 0.5394,  0.4466, -0.5926],
        [ 0.4223,  0.6054,  0.5150]], device='cuda:0', requires_grad=True)
tensor([[ 0.3029,  0.0875, -0.1120],
        [ 0.1343,  0.1031,  1.0570],
        [ 0.4038,  0.7444,  0.3328],
        [-0.2353,  0.6994,  0.5904],
        [ 0.7903,  0.3344,  0.6354],
        [ 1.0837,  0.1311,  0.9303],
        [ 0.8204,  0.6737, -0.1217],
        [ 0.8093,  1.0320,  0.8545]], device='cuda:0', requires_grad=True)
[0.21773339807987213, 0.2164723426103592, 0.21531595289707184, 0.21428325772285461, 0.2133813202381134, 0.21218635141849518, 0.21072125434875488, 0.2090880274772644, 0.20750731229782104, 0.205806165933609]
iter=170,err=0.198889
[[-0.5 -0.5 -0.5]
 [-0.5 -0.5  0.5]
 [-0.5  0.5 -0.5]
 [-0.5  0.5  0.5]
 [ 0.5 -0.5 -0.5]
 [ 0.5 -0.5  0.5]
 [ 0.5  0.5 -0.5]
 [ 0.5  0.5  0.5]]
[[0. 0. 0.]
 [0. 0. 1.]
 [0. 1. 0.]
 [0. 1. 1.]
 [1. 0. 0.]
 [1. 0. 1.]
 [1. 1. 0.]
 [1. 1. 1.]]
[[-0.1699694  -0.28750825 -0.9291273 ]
 [-0.06615611 -0.10766338  0.59963736]
 [-0.50913635  0.31518996 -0.67903465]
 [-0.99859199  0.24708769  0.0551653 ]
 [ 0.9358649  -0.9568216  -0.00631169]
 [ 0.62546365 -0.07325136  0.21489485]
 [ 0.53686802  0.9416167  -0.90230528]
 [ 0.28647254  0.78257439  0.22962873]]
[[0.50316845 0.66443734 0.11689094]
 [0.30913697 0.84937037 0.47291071]
 [0.99334398 0.00817214 0.95344423]
 [0.35771527 0.31792395 0.64629953]
 [0.30969481 0.85247779 0.95825703]
 [0.883801   0.93632691 0.88113996]
 [0.46686686 0.7374958  0.15242162]
 [0.93343639 0.81821352 0.31957704]]
tensor([[-0.1700, -0.5629, -0.7421],
        [-0.4315, -0.5090,  0.5453],
        [-0.4158,  0.5132, -0.5036],
        [-0.7144,  0.4814,  0.4041],
        [ 0.5999, -0.4943,  0.1205],
        [ 0.5797, -0.4149,  0.4910],
        [ 0.5445,  0.4448, -0.5813],
        [ 0.4350,  0.5884,  0.5365]], device='cuda:0', requires_grad=True)
tensor([[ 0.2990,  0.0760, -0.1234],
        [ 0.1304,  0.0888,  1.0667],
        [ 0.3796,  0.7813,  0.3072],
        [-0.2358,  0.7255,  0.6187],
        [ 0.8177,  0.3151,  0.6308],
        [ 1.0897,  0.1152,  0.9369],
        [ 0.8493,  0.6888, -0.1205],
        [ 0.8253,  1.0375,  0.8771]], device='cuda:0', requires_grad=True)
[0.20437566936016083, 0.20264585316181183, 0.20143002271652222, 0.2000921368598938, 0.19907554984092712, 0.1984037458896637, 0.19755172729492188, 0.19629698991775513, 0.19520746171474457, 0.1938152015209198]
iter=180,err=0.187250
[[-0.5 -0.5 -0.5]
 [-0.5 -0.5  0.5]
 [-0.5  0.5 -0.5]
 [-0.5  0.5  0.5]
 [ 0.5 -0.5 -0.5]
 [ 0.5 -0.5  0.5]
 [ 0.5  0.5 -0.5]
 [ 0.5  0.5  0.5]]
[[0. 0. 0.]
 [0. 0. 1.]
 [0. 1. 0.]
 [0. 1. 1.]
 [1. 0. 0.]
 [1. 0. 1.]
 [1. 1. 0.]
 [1. 1. 1.]]
[[-0.1699694  -0.28750825 -0.9291273 ]
 [-0.06615611 -0.10766338  0.59963736]
 [-0.50913635  0.31518996 -0.67903465]
 [-0.99859199  0.24708769  0.0551653 ]
 [ 0.9358649  -0.9568216  -0.00631169]
 [ 0.62546365 -0.07325136  0.21489485]
 [ 0.53686802  0.9416167  -0.90230528]
 [ 0.28647254  0.78257439  0.22962873]]
[[0.50316845 0.66443734 0.11689094]
 [0.30913697 0.84937037 0.47291071]
 [0.99334398 0.00817214 0.95344423]
 [0.35771527 0.31792395 0.64629953]
 [0.30969481 0.85247779 0.95825703]
 [0.883801   0.93632691 0.88113996]
 [0.46686686 0.7374958  0.15242162]
 [0.93343639 0.81821352 0.31957704]]
tensor([[-0.1815, -0.5748, -0.7410],
        [-0.4392, -0.5050,  0.5294],
        [-0.4197,  0.5005, -0.4988],
        [-0.6728,  0.4848,  0.4026],
        [ 0.6000, -0.4913,  0.1048],
        [ 0.5591, -0.4257,  0.4748],
        [ 0.5462,  0.4375, -0.5695],
        [ 0.4368,  0.5646,  0.5394]], device='cuda:0', requires_grad=True)
tensor([[ 0.2926,  0.0594, -0.1347],
        [ 0.1195,  0.0709,  1.0698],
        [ 0.3603,  0.8034,  0.2887],
        [-0.2356,  0.7348,  0.6322],
        [ 0.8451,  0.2950,  0.6284],
        [ 1.0831,  0.0947,  0.9327],
        [ 0.8708,  0.6964, -0.1176],
        [ 0.8390,  1.0398,  0.8949]], device='cuda:0', requires_grad=True)
[0.19244949519634247, 0.19123397767543793, 0.189934641122818, 0.18886440992355347, 0.18767844140529633, 0.18634125590324402, 0.18530213832855225, 0.1843516081571579, 0.18357764184474945, 0.1827678084373474]
iter=190,err=0.177884
[[-0.5 -0.5 -0.5]
 [-0.5 -0.5  0.5]
 [-0.5  0.5 -0.5]
 [-0.5  0.5  0.5]
 [ 0.5 -0.5 -0.5]
 [ 0.5 -0.5  0.5]
 [ 0.5  0.5 -0.5]
 [ 0.5  0.5  0.5]]
[[0. 0. 0.]
 [0. 0. 1.]
 [0. 1. 0.]
 [0. 1. 1.]
 [1. 0. 0.]
 [1. 0. 1.]
 [1. 1. 0.]
 [1. 1. 1.]]
[[-0.1699694  -0.28750825 -0.9291273 ]
 [-0.06615611 -0.10766338  0.59963736]
 [-0.50913635  0.31518996 -0.67903465]
 [-0.99859199  0.24708769  0.0551653 ]
 [ 0.9358649  -0.9568216  -0.00631169]
 [ 0.62546365 -0.07325136  0.21489485]
 [ 0.53686802  0.9416167  -0.90230528]
 [ 0.28647254  0.78257439  0.22962873]]
[[0.50316845 0.66443734 0.11689094]
 [0.30913697 0.84937037 0.47291071]
 [0.99334398 0.00817214 0.95344423]
 [0.35771527 0.31792395 0.64629953]
 [0.30969481 0.85247779 0.95825703]
 [0.883801   0.93632691 0.88113996]
 [0.46686686 0.7374958  0.15242162]
 [0.93343639 0.81821352 0.31957704]]
tensor([[-0.1773, -0.5832, -0.7393],
        [-0.4472, -0.4962,  0.5221],
        [-0.4171,  0.5058, -0.4967],
        [-0.6472,  0.4902,  0.4215],
        [ 0.5771, -0.5030,  0.0855],
        [ 0.5491, -0.4391,  0.4625],
        [ 0.5286,  0.4409, -0.5685],
        [ 0.4362,  0.5414,  0.5260]], device='cuda:0', requires_grad=True)
tensor([[ 0.2853,  0.0445, -0.1398],
        [ 0.1048,  0.0581,  1.0732],
        [ 0.3454,  0.8196,  0.2767],
        [-0.2342,  0.7464,  0.6539],
        [ 0.8725,  0.2707,  0.6208],
        [ 1.0758,  0.0770,  0.9305],
        [ 0.8943,  0.7054, -0.1098],
        [ 0.8528,  1.0339,  0.9111]], device='cuda:0', requires_grad=True)
[0.18207192420959473, 0.18114106357097626, 0.18005183339118958, 0.17897820472717285, 0.1778569519519806, 0.17677630484104156, 0.1760861873626709, 0.1754937469959259, 0.1751893162727356, 0.1751970797777176]
iter=200,err=0.171309
[[-0.5 -0.5 -0.5]
 [-0.5 -0.5  0.5]
 [-0.5  0.5 -0.5]
 [-0.5  0.5  0.5]
 [ 0.5 -0.5 -0.5]
 [ 0.5 -0.5  0.5]
 [ 0.5  0.5 -0.5]
 [ 0.5  0.5  0.5]]
[[0. 0. 0.]
 [0. 0. 1.]
 [0. 1. 0.]
 [0. 1. 1.]
 [1. 0. 0.]
 [1. 0. 1.]
 [1. 1. 0.]
 [1. 1. 1.]]
[[-0.1699694  -0.28750825 -0.9291273 ]
 [-0.06615611 -0.10766338  0.59963736]
 [-0.50913635  0.31518996 -0.67903465]
 [-0.99859199  0.24708769  0.0551653 ]
 [ 0.9358649  -0.9568216  -0.00631169]
 [ 0.62546365 -0.07325136  0.21489485]
 [ 0.53686802  0.9416167  -0.90230528]
 [ 0.28647254  0.78257439  0.22962873]]
[[0.50316845 0.66443734 0.11689094]
 [0.30913697 0.84937037 0.47291071]
 [0.99334398 0.00817214 0.95344423]
 [0.35771527 0.31792395 0.64629953]
 [0.30969481 0.85247779 0.95825703]
 [0.883801   0.93632691 0.88113996]
 [0.46686686 0.7374958  0.15242162]
 [0.93343639 0.81821352 0.31957704]]
tensor([[-0.1645, -0.5949, -0.7464],
        [-0.4586, -0.5026,  0.5214],
        [-0.4225,  0.5179, -0.5002],
        [-0.6072,  0.4870,  0.4417],
        [ 0.5668, -0.5188,  0.0635],
        [ 0.5443, -0.4542,  0.4846],
        [ 0.5355,  0.4531, -0.5815],
        [ 0.4612,  0.5400,  0.5245]], device='cuda:0', requires_grad=True)
tensor([[ 0.2732,  0.0316, -0.1424],
        [ 0.0967,  0.0495,  1.0788],
        [ 0.3267,  0.8468,  0.2612],
        [-0.2276,  0.7622,  0.6763],
        [ 0.8910,  0.2538,  0.6120],
        [ 1.0728,  0.0639,  0.9314],
        [ 0.9124,  0.7238, -0.1037],
        [ 0.8670,  1.0424,  0.9309]], device='cuda:0', requires_grad=True)
[0.17489808797836304, 0.17425128817558289, 0.1734853982925415, 0.17254650592803955, 0.17159542441368103, 0.17073938250541687, 0.16988056898117065, 0.16903674602508545, 0.1685618758201599, 0.16809627413749695]
iter=210,err=0.162281
[[-0.5 -0.5 -0.5]
 [-0.5 -0.5  0.5]
 [-0.5  0.5 -0.5]
 [-0.5  0.5  0.5]
 [ 0.5 -0.5 -0.5]
 [ 0.5 -0.5  0.5]
 [ 0.5  0.5 -0.5]
 [ 0.5  0.5  0.5]]
[[0. 0. 0.]
 [0. 0. 1.]
 [0. 1. 0.]
 [0. 1. 1.]
 [1. 0. 0.]
 [1. 0. 1.]
 [1. 1. 0.]
 [1. 1. 1.]]
[[-0.1699694  -0.28750825 -0.9291273 ]
 [-0.06615611 -0.10766338  0.59963736]
 [-0.50913635  0.31518996 -0.67903465]
 [-0.99859199  0.24708769  0.0551653 ]
 [ 0.9358649  -0.9568216  -0.00631169]
 [ 0.62546365 -0.07325136  0.21489485]
 [ 0.53686802  0.9416167  -0.90230528]
 [ 0.28647254  0.78257439  0.22962873]]
[[0.50316845 0.66443734 0.11689094]
 [0.30913697 0.84937037 0.47291071]
 [0.99334398 0.00817214 0.95344423]
 [0.35771527 0.31792395 0.64629953]
 [0.30969481 0.85247779 0.95825703]
 [0.883801   0.93632691 0.88113996]
 [0.46686686 0.7374958  0.15242162]
 [0.93343639 0.81821352 0.31957704]]
tensor([[-0.1750, -0.6003, -0.7321],
        [-0.4747, -0.5126,  0.5202],
        [-0.4334,  0.5259, -0.4917],
        [-0.5854,  0.4937,  0.4579],
        [ 0.5574, -0.5173,  0.0455],
        [ 0.5313, -0.4619,  0.4936],
        [ 0.5358,  0.4578, -0.5453],
        [ 0.4749,  0.5446,  0.5202]], device='cuda:0', requires_grad=True)
tensor([[ 0.2642,  0.0196, -0.1528],
        [ 0.0902,  0.0408,  1.0779],
        [ 0.3092,  0.8694,  0.2446],
        [-0.2212,  0.7792,  0.6923],
        [ 0.9088,  0.2331,  0.6001],
        [ 1.0698,  0.0498,  0.9339],
        [ 0.9189,  0.7302, -0.1011],
        [ 0.8799,  1.0457,  0.9422]], device='cuda:0', requires_grad=True)
[0.16758283972740173, 0.16663135588169098, 0.16563665866851807, 0.16475909948349, 0.16341353952884674, 0.16211745142936707, 0.16044148802757263, 0.1588146984577179, 0.1573377400636673, 0.1560746431350708]
iter=220,err=0.153287
[[-0.5 -0.5 -0.5]
 [-0.5 -0.5  0.5]
 [-0.5  0.5 -0.5]
 [-0.5  0.5  0.5]
 [ 0.5 -0.5 -0.5]
 [ 0.5 -0.5  0.5]
 [ 0.5  0.5 -0.5]
 [ 0.5  0.5  0.5]]
[[0. 0. 0.]
 [0. 0. 1.]
 [0. 1. 0.]
 [0. 1. 1.]
 [1. 0. 0.]
 [1. 0. 1.]
 [1. 1. 0.]
 [1. 1. 1.]]
[[-0.1699694  -0.28750825 -0.9291273 ]
 [-0.06615611 -0.10766338  0.59963736]
 [-0.50913635  0.31518996 -0.67903465]
 [-0.99859199  0.24708769  0.0551653 ]
 [ 0.9358649  -0.9568216  -0.00631169]
 [ 0.62546365 -0.07325136  0.21489485]
 [ 0.53686802  0.9416167  -0.90230528]
 [ 0.28647254  0.78257439  0.22962873]]
[[0.50316845 0.66443734 0.11689094]
 [0.30913697 0.84937037 0.47291071]
 [0.99334398 0.00817214 0.95344423]
 [0.35771527 0.31792395 0.64629953]
 [0.30969481 0.85247779 0.95825703]
 [0.883801   0.93632691 0.88113996]
 [0.46686686 0.7374958  0.15242162]
 [0.93343639 0.81821352 0.31957704]]
tensor([[-0.1677, -0.6009, -0.7089],
        [-0.4931, -0.5224,  0.5138],
        [-0.4371,  0.5130, -0.4826],
        [-0.5785,  0.4882,  0.4656],
        [ 0.5627, -0.5226,  0.0021],
        [ 0.5160, -0.4698,  0.4854],
        [ 0.5363,  0.4529, -0.5197],
        [ 0.4745,  0.5242,  0.5068]], device='cuda:0', requires_grad=True)
tensor([[ 0.2487,  0.0079, -0.1562],
        [ 0.0835,  0.0349,  1.0777],
        [ 0.2925,  0.8872,  0.2337],
        [-0.2172,  0.7912,  0.7083],
        [ 0.9353,  0.2079,  0.5871],
        [ 1.0625,  0.0367,  0.9360],
        [ 0.9308,  0.7433, -0.0885],
        [ 0.8907,  1.0389,  0.9475]], device='cuda:0', requires_grad=True)
[0.15496209263801575, 0.15402142703533173, 0.1535061150789261, 0.15319392085075378, 0.1527787297964096, 0.15272802114486694, 0.15272358059883118, 0.15293097496032715, 0.1530877947807312, 0.152941033244133]
iter=230,err=0.147431
[[-0.5 -0.5 -0.5]
 [-0.5 -0.5  0.5]
 [-0.5  0.5 -0.5]
 [-0.5  0.5  0.5]
 [ 0.5 -0.5 -0.5]
 [ 0.5 -0.5  0.5]
 [ 0.5  0.5 -0.5]
 [ 0.5  0.5  0.5]]
[[0. 0. 0.]
 [0. 0. 1.]
 [0. 1. 0.]
 [0. 1. 1.]
 [1. 0. 0.]
 [1. 0. 1.]
 [1. 1. 0.]
 [1. 1. 1.]]
[[-0.1699694  -0.28750825 -0.9291273 ]
 [-0.06615611 -0.10766338  0.59963736]
 [-0.50913635  0.31518996 -0.67903465]
 [-0.99859199  0.24708769  0.0551653 ]
 [ 0.9358649  -0.9568216  -0.00631169]
 [ 0.62546365 -0.07325136  0.21489485]
 [ 0.53686802  0.9416167  -0.90230528]
 [ 0.28647254  0.78257439  0.22962873]]
[[0.50316845 0.66443734 0.11689094]
 [0.30913697 0.84937037 0.47291071]
 [0.99334398 0.00817214 0.95344423]
 [0.35771527 0.31792395 0.64629953]
 [0.30969481 0.85247779 0.95825703]
 [0.883801   0.93632691 0.88113996]
 [0.46686686 0.7374958  0.15242162]
 [0.93343639 0.81821352 0.31957704]]
tensor([[-0.1666, -0.6129, -0.6936],
        [-0.4989, -0.5230,  0.5037],
        [-0.4590,  0.5140, -0.4949],
        [-0.5682,  0.4888,  0.4783],
        [ 0.5630, -0.5366, -0.0340],
        [ 0.5035, -0.4740,  0.4843],
        [ 0.5397,  0.4571, -0.5143],
        [ 0.4716,  0.5100,  0.4998]], device='cuda:0', requires_grad=True)
tensor([[ 0.2383,  0.0022, -0.1575],
        [ 0.0765,  0.0323,  1.0753],
        [ 0.2713,  0.9166,  0.2162],
        [-0.2109,  0.8108,  0.7240],
        [ 0.9528,  0.1906,  0.5750],
        [ 1.0517,  0.0279,  0.9345],
        [ 0.9421,  0.7661, -0.0785],
        [ 0.8995,  1.0410,  0.9540]], device='cuda:0', requires_grad=True)
[0.152181014418602, 0.15110722184181213, 0.15001067519187927, 0.14922213554382324, 0.14839863777160645, 0.14731156826019287, 0.14606082439422607, 0.14477118849754333, 0.14354711771011353, 0.14169831573963165]
iter=240,err=0.133300
[[-0.5 -0.5 -0.5]
 [-0.5 -0.5  0.5]
 [-0.5  0.5 -0.5]
 [-0.5  0.5  0.5]
 [ 0.5 -0.5 -0.5]
 [ 0.5 -0.5  0.5]
 [ 0.5  0.5 -0.5]
 [ 0.5  0.5  0.5]]
[[0. 0. 0.]
 [0. 0. 1.]
 [0. 1. 0.]
 [0. 1. 1.]
 [1. 0. 0.]
 [1. 0. 1.]
 [1. 1. 0.]
 [1. 1. 1.]]
[[-0.1699694  -0.28750825 -0.9291273 ]
 [-0.06615611 -0.10766338  0.59963736]
 [-0.50913635  0.31518996 -0.67903465]
 [-0.99859199  0.24708769  0.0551653 ]
 [ 0.9358649  -0.9568216  -0.00631169]
 [ 0.62546365 -0.07325136  0.21489485]
 [ 0.53686802  0.9416167  -0.90230528]
 [ 0.28647254  0.78257439  0.22962873]]
[[0.50316845 0.66443734 0.11689094]
 [0.30913697 0.84937037 0.47291071]
 [0.99334398 0.00817214 0.95344423]
 [0.35771527 0.31792395 0.64629953]
 [0.30969481 0.85247779 0.95825703]
 [0.883801   0.93632691 0.88113996]
 [0.46686686 0.7374958  0.15242162]
 [0.93343639 0.81821352 0.31957704]]
tensor([[-0.2057, -0.6089, -0.6828],
        [-0.5167, -0.5108,  0.4920],
        [-0.4791,  0.5127, -0.5049],
        [-0.5642,  0.4986,  0.4825],
        [ 0.5623, -0.5207, -0.0670],
        [ 0.5046, -0.4825,  0.5015],
        [ 0.5510,  0.4648, -0.5284],
        [ 0.4770,  0.5144,  0.5088]], device='cuda:0', requires_grad=True)
tensor([[ 0.2410, -0.0042, -0.1545],
        [ 0.0712,  0.0266,  1.0712],
        [ 0.2550,  0.9353,  0.2033],
        [-0.2009,  0.8186,  0.7469],
        [ 0.9628,  0.1769,  0.5598],
        [ 1.0449,  0.0195,  0.9404],
        [ 0.9535,  0.7830, -0.0739],
        [ 0.9112,  1.0414,  0.9648]], device='cuda:0', requires_grad=True)
[0.13981881737709045, 0.13807961344718933, 0.1364029049873352, 0.13476288318634033, 0.13328364491462708, 0.132025346159935, 0.1306932270526886, 0.12999996542930603, 0.12931320071220398, 0.12862247228622437]
iter=250,err=0.124810
[[-0.5 -0.5 -0.5]
 [-0.5 -0.5  0.5]
 [-0.5  0.5 -0.5]
 [-0.5  0.5  0.5]
 [ 0.5 -0.5 -0.5]
 [ 0.5 -0.5  0.5]
 [ 0.5  0.5 -0.5]
 [ 0.5  0.5  0.5]]
[[0. 0. 0.]
 [0. 0. 1.]
 [0. 1. 0.]
 [0. 1. 1.]
 [1. 0. 0.]
 [1. 0. 1.]
 [1. 1. 0.]
 [1. 1. 1.]]
[[-0.1699694  -0.28750825 -0.9291273 ]
 [-0.06615611 -0.10766338  0.59963736]
 [-0.50913635  0.31518996 -0.67903465]
 [-0.99859199  0.24708769  0.0551653 ]
 [ 0.9358649  -0.9568216  -0.00631169]
 [ 0.62546365 -0.07325136  0.21489485]
 [ 0.53686802  0.9416167  -0.90230528]
 [ 0.28647254  0.78257439  0.22962873]]
[[0.50316845 0.66443734 0.11689094]
 [0.30913697 0.84937037 0.47291071]
 [0.99334398 0.00817214 0.95344423]
 [0.35771527 0.31792395 0.64629953]
 [0.30969481 0.85247779 0.95825703]
 [0.883801   0.93632691 0.88113996]
 [0.46686686 0.7374958  0.15242162]
 [0.93343639 0.81821352 0.31957704]]
tensor([[-0.2254, -0.6023, -0.6747],
        [-0.5122, -0.4975,  0.4837],
        [-0.4825,  0.5029, -0.4967],
        [-0.5472,  0.4974,  0.4738],
        [ 0.5531, -0.5002, -0.0860],
        [ 0.4998, -0.4821,  0.5077],
        [ 0.5538,  0.4713, -0.5380],
        [ 0.4831,  0.5224,  0.5066]], device='cuda:0', requires_grad=True)
tensor([[ 0.2352, -0.0091, -0.1545],
        [ 0.0598,  0.0237,  1.0643],
        [ 0.2354,  0.9511,  0.1865],
        [-0.1922,  0.8300,  0.7635],
        [ 0.9705,  0.1636,  0.5422],
        [ 1.0358,  0.0120,  0.9419],
        [ 0.9601,  0.7944, -0.0726],
        [ 0.9205,  1.0415,  0.9698]], device='cuda:0', requires_grad=True)
[0.1279190331697464, 0.12722060084342957, 0.12655971944332123, 0.12591923773288727, 0.125379741191864, 0.12461728602647781, 0.12390860915184021, 0.12301653623580933, 0.12213554233312607, 0.12142029404640198]
iter=260,err=0.116429
[[-0.5 -0.5 -0.5]
 [-0.5 -0.5  0.5]
 [-0.5  0.5 -0.5]
 [-0.5  0.5  0.5]
 [ 0.5 -0.5 -0.5]
 [ 0.5 -0.5  0.5]
 [ 0.5  0.5 -0.5]
 [ 0.5  0.5  0.5]]
[[0. 0. 0.]
 [0. 0. 1.]
 [0. 1. 0.]
 [0. 1. 1.]
 [1. 0. 0.]
 [1. 0. 1.]
 [1. 1. 0.]
 [1. 1. 1.]]
[[-0.1699694  -0.28750825 -0.9291273 ]
 [-0.06615611 -0.10766338  0.59963736]
 [-0.50913635  0.31518996 -0.67903465]
 [-0.99859199  0.24708769  0.0551653 ]
 [ 0.9358649  -0.9568216  -0.00631169]
 [ 0.62546365 -0.07325136  0.21489485]
 [ 0.53686802  0.9416167  -0.90230528]
 [ 0.28647254  0.78257439  0.22962873]]
[[0.50316845 0.66443734 0.11689094]
 [0.30913697 0.84937037 0.47291071]
 [0.99334398 0.00817214 0.95344423]
 [0.35771527 0.31792395 0.64629953]
 [0.30969481 0.85247779 0.95825703]
 [0.883801   0.93632691 0.88113996]
 [0.46686686 0.7374958  0.15242162]
 [0.93343639 0.81821352 0.31957704]]
tensor([[-0.2469, -0.6022, -0.6664],
        [-0.5000, -0.4947,  0.4827],
        [-0.4928,  0.4972, -0.4975],
        [-0.5365,  0.5084,  0.4691],
        [ 0.5474, -0.4987, -0.1045],
        [ 0.4926, -0.4812,  0.5143],
        [ 0.5337,  0.4702, -0.5329],
        [ 0.4909,  0.5221,  0.4958]], device='cuda:0', requires_grad=True)
tensor([[ 0.2203, -0.0169, -0.1473],
        [ 0.0465,  0.0221,  1.0620],
        [ 0.2163,  0.9643,  0.1725],
        [-0.1843,  0.8443,  0.7875],
        [ 0.9723,  0.1516,  0.5228],
        [ 1.0225,  0.0059,  0.9441],
        [ 0.9595,  0.7999, -0.0724],
        [ 0.9225,  1.0416,  0.9701]], device='cuda:0', requires_grad=True)
[0.12078492343425751, 0.11990156769752502, 0.11897331476211548, 0.11794425547122955, 0.11668837070465088, 0.11565132439136505, 0.1147845983505249, 0.11408735066652298, 0.11329327523708344, 0.11218534409999847]
iter=270,err=0.108269
[[-0.5 -0.5 -0.5]
 [-0.5 -0.5  0.5]
 [-0.5  0.5 -0.5]
 [-0.5  0.5  0.5]
 [ 0.5 -0.5 -0.5]
 [ 0.5 -0.5  0.5]
 [ 0.5  0.5 -0.5]
 [ 0.5  0.5  0.5]]
[[0. 0. 0.]
 [0. 0. 1.]
 [0. 1. 0.]
 [0. 1. 1.]
 [1. 0. 0.]
 [1. 0. 1.]
 [1. 1. 0.]
 [1. 1. 1.]]
[[-0.1699694  -0.28750825 -0.9291273 ]
 [-0.06615611 -0.10766338  0.59963736]
 [-0.50913635  0.31518996 -0.67903465]
 [-0.99859199  0.24708769  0.0551653 ]
 [ 0.9358649  -0.9568216  -0.00631169]
 [ 0.62546365 -0.07325136  0.21489485]
 [ 0.53686802  0.9416167  -0.90230528]
 [ 0.28647254  0.78257439  0.22962873]]
[[0.50316845 0.66443734 0.11689094]
 [0.30913697 0.84937037 0.47291071]
 [0.99334398 0.00817214 0.95344423]
 [0.35771527 0.31792395 0.64629953]
 [0.30969481 0.85247779 0.95825703]
 [0.883801   0.93632691 0.88113996]
 [0.46686686 0.7374958  0.15242162]
 [0.93343639 0.81821352 0.31957704]]
tensor([[-0.2723, -0.6068, -0.6528],
        [-0.5052, -0.5005,  0.4900],
        [-0.5086,  0.4938, -0.4941],
        [-0.5438,  0.5053,  0.4737],
        [ 0.5626, -0.5093, -0.1429],
        [ 0.4906, -0.4835,  0.5213],
        [ 0.5335,  0.4621, -0.5162],
        [ 0.4902,  0.5141,  0.4882]], device='cuda:0', requires_grad=True)
tensor([[ 2.0681e-01, -2.3533e-02, -1.3826e-01],
        [ 4.0843e-02,  2.1915e-02,  1.0630e+00],
        [ 1.9790e-01,  9.7485e-01,  1.6036e-01],
        [-1.7264e-01,  8.6023e-01,  8.1146e-01],
        [ 9.7806e-01,  1.4083e-01,  5.0130e-01],
        [ 1.0117e+00,  5.1778e-04,  9.5069e-01],
        [ 9.5951e-01,  8.0761e-01, -7.3468e-02],
        [ 9.3005e-01,  1.0415e+00,  9.6927e-01]], device='cuda:0',
       requires_grad=True)
[0.1111874058842659, 0.110542431473732, 0.10996175557374954, 0.1094474121928215, 0.10903670638799667, 0.10835234075784683, 0.10760176926851273, 0.1066368818283081, 0.10565176606178284, 0.1042725145816803]
iter=280,err=0.099868
[[-0.5 -0.5 -0.5]
 [-0.5 -0.5  0.5]
 [-0.5  0.5 -0.5]
 [-0.5  0.5  0.5]
 [ 0.5 -0.5 -0.5]
 [ 0.5 -0.5  0.5]
 [ 0.5  0.5 -0.5]
 [ 0.5  0.5  0.5]]
[[0. 0. 0.]
 [0. 0. 1.]
 [0. 1. 0.]
 [0. 1. 1.]
 [1. 0. 0.]
 [1. 0. 1.]
 [1. 1. 0.]
 [1. 1. 1.]]
[[-0.1699694  -0.28750825 -0.9291273 ]
 [-0.06615611 -0.10766338  0.59963736]
 [-0.50913635  0.31518996 -0.67903465]
 [-0.99859199  0.24708769  0.0551653 ]
 [ 0.9358649  -0.9568216  -0.00631169]
 [ 0.62546365 -0.07325136  0.21489485]
 [ 0.53686802  0.9416167  -0.90230528]
 [ 0.28647254  0.78257439  0.22962873]]
[[0.50316845 0.66443734 0.11689094]
 [0.30913697 0.84937037 0.47291071]
 [0.99334398 0.00817214 0.95344423]
 [0.35771527 0.31792395 0.64629953]
 [0.30969481 0.85247779 0.95825703]
 [0.883801   0.93632691 0.88113996]
 [0.46686686 0.7374958  0.15242162]
 [0.93343639 0.81821352 0.31957704]]
tensor([[-0.2850, -0.5961, -0.6350],
        [-0.5092, -0.4948,  0.4964],
        [-0.4928,  0.4853, -0.4778],
        [-0.5253,  0.4967,  0.4975],
        [ 0.5740, -0.5126, -0.1824],
        [ 0.4901, -0.4757,  0.5199],
        [ 0.5292,  0.4527, -0.5074],
        [ 0.4820,  0.5128,  0.5000]], device='cuda:0', requires_grad=True)
tensor([[ 0.1898, -0.0303, -0.1290],
        [ 0.0379,  0.0221,  1.0620],
        [ 0.1772,  0.9836,  0.1476],
        [-0.1614,  0.8729,  0.8353],
        [ 0.9805,  0.1321,  0.4781],
        [ 1.0019, -0.0030,  0.9498],
        [ 0.9584,  0.8177, -0.0757],
        [ 0.9377,  1.0425,  0.9682]], device='cuda:0', requires_grad=True)
[0.10318838059902191, 0.1023552417755127, 0.10163462907075882, 0.1008899062871933, 0.10018971562385559, 0.09950222820043564, 0.09878052771091461, 0.09813705086708069, 0.09734446555376053, 0.0966586321592331]
iter=290,err=0.094070
[[-0.5 -0.5 -0.5]
 [-0.5 -0.5  0.5]
 [-0.5  0.5 -0.5]
 [-0.5  0.5  0.5]
 [ 0.5 -0.5 -0.5]
 [ 0.5 -0.5  0.5]
 [ 0.5  0.5 -0.5]
 [ 0.5  0.5  0.5]]
[[0. 0. 0.]
 [0. 0. 1.]
 [0. 1. 0.]
 [0. 1. 1.]
 [1. 0. 0.]
 [1. 0. 1.]
 [1. 1. 0.]
 [1. 1. 1.]]
[[-0.1699694  -0.28750825 -0.9291273 ]
 [-0.06615611 -0.10766338  0.59963736]
 [-0.50913635  0.31518996 -0.67903465]
 [-0.99859199  0.24708769  0.0551653 ]
 [ 0.9358649  -0.9568216  -0.00631169]
 [ 0.62546365 -0.07325136  0.21489485]
 [ 0.53686802  0.9416167  -0.90230528]
 [ 0.28647254  0.78257439  0.22962873]]
[[0.50316845 0.66443734 0.11689094]
 [0.30913697 0.84937037 0.47291071]
 [0.99334398 0.00817214 0.95344423]
 [0.35771527 0.31792395 0.64629953]
 [0.30969481 0.85247779 0.95825703]
 [0.883801   0.93632691 0.88113996]
 [0.46686686 0.7374958  0.15242162]
 [0.93343639 0.81821352 0.31957704]]
tensor([[-0.2942, -0.5623, -0.6310],
        [-0.5070, -0.4765,  0.4998],
        [-0.5037,  0.4960, -0.4853],
        [-0.5258,  0.4904,  0.5085],
        [ 0.5749, -0.5065, -0.2099],
        [ 0.4924, -0.4631,  0.5189],
        [ 0.5307,  0.4662, -0.5266],
        [ 0.4833,  0.5182,  0.5080]], device='cuda:0', requires_grad=True)
tensor([[ 0.1729, -0.0333, -0.1285],
        [ 0.0313,  0.0224,  1.0562],
        [ 0.1633,  0.9912,  0.1409],
        [-0.1516,  0.8853,  0.8560],
        [ 0.9870,  0.1227,  0.4465],
        [ 0.9914, -0.0055,  0.9463],
        [ 0.9612,  0.8283, -0.0751],
        [ 0.9477,  1.0408,  0.9688]], device='cuda:0', requires_grad=True)
[0.09608657658100128, 0.09558739513158798, 0.09498009085655212, 0.09438382089138031, 0.09399126470088959, 0.09350964426994324, 0.0933818370103836, 0.09320828318595886, 0.09289801120758057, 0.09267285466194153]
iter=300,err=0.090004
[[-0.5 -0.5 -0.5]
 [-0.5 -0.5  0.5]
 [-0.5  0.5 -0.5]
 [-0.5  0.5  0.5]
 [ 0.5 -0.5 -0.5]
 [ 0.5 -0.5  0.5]
 [ 0.5  0.5 -0.5]
 [ 0.5  0.5  0.5]]
[[0. 0. 0.]
 [0. 0. 1.]
 [0. 1. 0.]
 [0. 1. 1.]
 [1. 0. 0.]
 [1. 0. 1.]
 [1. 1. 0.]
 [1. 1. 1.]]
[[-0.1699694  -0.28750825 -0.9291273 ]
 [-0.06615611 -0.10766338  0.59963736]
 [-0.50913635  0.31518996 -0.67903465]
 [-0.99859199  0.24708769  0.0551653 ]
 [ 0.9358649  -0.9568216  -0.00631169]
 [ 0.62546365 -0.07325136  0.21489485]
 [ 0.53686802  0.9416167  -0.90230528]
 [ 0.28647254  0.78257439  0.22962873]]
[[0.50316845 0.66443734 0.11689094]
 [0.30913697 0.84937037 0.47291071]
 [0.99334398 0.00817214 0.95344423]
 [0.35771527 0.31792395 0.64629953]
 [0.30969481 0.85247779 0.95825703]
 [0.883801   0.93632691 0.88113996]
 [0.46686686 0.7374958  0.15242162]
 [0.93343639 0.81821352 0.31957704]]
tensor([[-0.3265, -0.5569, -0.6273],
        [-0.5098, -0.4804,  0.4974],
        [-0.5069,  0.5114, -0.4819],
        [-0.5319,  0.4849,  0.5097],
        [ 0.5677, -0.5113, -0.2409],
        [ 0.4921, -0.4622,  0.5155],
        [ 0.5280,  0.4795, -0.5390],
        [ 0.4810,  0.5113,  0.5035]], device='cuda:0', requires_grad=True)
tensor([[ 0.1638, -0.0304, -0.1278],
        [ 0.0259,  0.0252,  1.0512],
        [ 0.1468,  0.9994,  0.1306],
        [-0.1445,  0.9005,  0.8666],
        [ 0.9946,  0.1156,  0.4196],
        [ 0.9899, -0.0061,  0.9503],
        [ 0.9626,  0.8384, -0.0723],
        [ 0.9507,  1.0387,  0.9676]], device='cuda:0', requires_grad=True)
[0.09245657920837402, 0.09213800728321075, 0.09183697402477264, 0.09153707325458527, 0.09110050648450851, 0.09036209434270859, 0.08935963362455368, 0.08820301294326782, 0.08707336336374283, 0.08597385883331299]
iter=310,err=0.081184
[[-0.5 -0.5 -0.5]
 [-0.5 -0.5  0.5]
 [-0.5  0.5 -0.5]
 [-0.5  0.5  0.5]
 [ 0.5 -0.5 -0.5]
 [ 0.5 -0.5  0.5]
 [ 0.5  0.5 -0.5]
 [ 0.5  0.5  0.5]]
[[0. 0. 0.]
 [0. 0. 1.]
 [0. 1. 0.]
 [0. 1. 1.]
 [1. 0. 0.]
 [1. 0. 1.]
 [1. 1. 0.]
 [1. 1. 1.]]
[[-0.1699694  -0.28750825 -0.9291273 ]
 [-0.06615611 -0.10766338  0.59963736]
 [-0.50913635  0.31518996 -0.67903465]
 [-0.99859199  0.24708769  0.0551653 ]
 [ 0.9358649  -0.9568216  -0.00631169]
 [ 0.62546365 -0.07325136  0.21489485]
 [ 0.53686802  0.9416167  -0.90230528]
 [ 0.28647254  0.78257439  0.22962873]]
[[0.50316845 0.66443734 0.11689094]
 [0.30913697 0.84937037 0.47291071]
 [0.99334398 0.00817214 0.95344423]
 [0.35771527 0.31792395 0.64629953]
 [0.30969481 0.85247779 0.95825703]
 [0.883801   0.93632691 0.88113996]
 [0.46686686 0.7374958  0.15242162]
 [0.93343639 0.81821352 0.31957704]]
tensor([[-0.3577, -0.5574, -0.6015],
        [-0.5130, -0.4914,  0.4994],
        [-0.4784,  0.5009, -0.4623],
        [-0.5203,  0.4812,  0.5101],
        [ 0.5451, -0.5182, -0.2681],
        [ 0.4888, -0.4691,  0.5183],
        [ 0.5154,  0.4830, -0.5334],
        [ 0.4802,  0.5023,  0.4914]], device='cuda:0', requires_grad=True)
tensor([[ 0.1571, -0.0299, -0.1253],
        [ 0.0225,  0.0258,  1.0484],
        [ 0.1285,  1.0033,  0.1192],
        [-0.1381,  0.9072,  0.8737],
        [ 0.9995,  0.1093,  0.3964],
        [ 0.9933, -0.0064,  0.9586],
        [ 0.9603,  0.8481, -0.0705],
        [ 0.9508,  1.0377,  0.9677]], device='cuda:0', requires_grad=True)
[0.08501331508159637, 0.08404746651649475, 0.08335788547992706, 0.08273973315954208, 0.08204945176839828, 0.08126305043697357, 0.08021071553230286, 0.0793006420135498, 0.07768909633159637, 0.07616874575614929]
iter=320,err=0.066380
[[-0.5 -0.5 -0.5]
 [-0.5 -0.5  0.5]
 [-0.5  0.5 -0.5]
 [-0.5  0.5  0.5]
 [ 0.5 -0.5 -0.5]
 [ 0.5 -0.5  0.5]
 [ 0.5  0.5 -0.5]
 [ 0.5  0.5  0.5]]
[[0. 0. 0.]
 [0. 0. 1.]
 [0. 1. 0.]
 [0. 1. 1.]
 [1. 0. 0.]
 [1. 0. 1.]
 [1. 1. 0.]
 [1. 1. 1.]]
[[-0.1699694  -0.28750825 -0.9291273 ]
 [-0.06615611 -0.10766338  0.59963736]
 [-0.50913635  0.31518996 -0.67903465]
 [-0.99859199  0.24708769  0.0551653 ]
 [ 0.9358649  -0.9568216  -0.00631169]
 [ 0.62546365 -0.07325136  0.21489485]
 [ 0.53686802  0.9416167  -0.90230528]
 [ 0.28647254  0.78257439  0.22962873]]
[[0.50316845 0.66443734 0.11689094]
 [0.30913697 0.84937037 0.47291071]
 [0.99334398 0.00817214 0.95344423]
 [0.35771527 0.31792395 0.64629953]
 [0.30969481 0.85247779 0.95825703]
 [0.883801   0.93632691 0.88113996]
 [0.46686686 0.7374958  0.15242162]
 [0.93343639 0.81821352 0.31957704]]
tensor([[-0.3972, -0.5636, -0.5780],
        [-0.5131, -0.4986,  0.4979],
        [-0.5011,  0.5034, -0.4638],
        [-0.5120,  0.4970,  0.5060],
        [ 0.5377, -0.5300, -0.2994],
        [ 0.4931, -0.4773,  0.5210],
        [ 0.5096,  0.4920, -0.5137],
        [ 0.4990,  0.5080,  0.4980]], device='cuda:0', requires_grad=True)
tensor([[ 0.1457, -0.0289, -0.1119],
        [ 0.0213,  0.0260,  1.0496],
        [ 0.1113,  1.0133,  0.1124],
        [-0.1250,  0.9208,  0.9017],
        [ 1.0021,  0.1071,  0.3831],
        [ 0.9956, -0.0065,  0.9662],
        [ 0.9563,  0.8572, -0.0659],
        [ 0.9566,  1.0405,  0.9753]], device='cuda:0', requires_grad=True)
[0.07441510260105133, 0.0725904256105423, 0.07071008533239365, 0.06895500421524048, 0.06707428395748138, 0.06522471457719803, 0.06348104774951935, 0.061901576817035675, 0.060419898480176926, 0.05902629345655441]
iter=330,err=0.053825
[[-0.5 -0.5 -0.5]
 [-0.5 -0.5  0.5]
 [-0.5  0.5 -0.5]
 [-0.5  0.5  0.5]
 [ 0.5 -0.5 -0.5]
 [ 0.5 -0.5  0.5]
 [ 0.5  0.5 -0.5]
 [ 0.5  0.5  0.5]]
[[0. 0. 0.]
 [0. 0. 1.]
 [0. 1. 0.]
 [0. 1. 1.]
 [1. 0. 0.]
 [1. 0. 1.]
 [1. 1. 0.]
 [1. 1. 1.]]
[[-0.1699694  -0.28750825 -0.9291273 ]
 [-0.06615611 -0.10766338  0.59963736]
 [-0.50913635  0.31518996 -0.67903465]
 [-0.99859199  0.24708769  0.0551653 ]
 [ 0.9358649  -0.9568216  -0.00631169]
 [ 0.62546365 -0.07325136  0.21489485]
 [ 0.53686802  0.9416167  -0.90230528]
 [ 0.28647254  0.78257439  0.22962873]]
[[0.50316845 0.66443734 0.11689094]
 [0.30913697 0.84937037 0.47291071]
 [0.99334398 0.00817214 0.95344423]
 [0.35771527 0.31792395 0.64629953]
 [0.30969481 0.85247779 0.95825703]
 [0.883801   0.93632691 0.88113996]
 [0.46686686 0.7374958  0.15242162]
 [0.93343639 0.81821352 0.31957704]]
tensor([[-0.4228, -0.5660, -0.5702],
        [-0.5139, -0.4990,  0.4953],
        [-0.5187,  0.4977, -0.4789],
        [-0.5072,  0.4972,  0.4909],
        [ 0.5365, -0.5400, -0.3317],
        [ 0.4893, -0.4830,  0.5137],
        [ 0.5076,  0.4945, -0.5106],
        [ 0.5026,  0.5102,  0.4983]], device='cuda:0', requires_grad=True)
tensor([[ 0.1316, -0.0277, -0.0983],
        [ 0.0190,  0.0251,  1.0495],
        [ 0.0979,  1.0221,  0.1076],
        [-0.1124,  0.9297,  0.9249],
        [ 1.0050,  0.1031,  0.3620],
        [ 0.9933, -0.0075,  0.9706],
        [ 0.9580,  0.8728, -0.0617],
        [ 0.9629,  1.0383,  0.9785]], device='cuda:0', requires_grad=True)
[0.05781855061650276, 0.05660855025053024, 0.05565587058663368, 0.054739538580179214, 0.05395570024847984, 0.053231991827487946, 0.052635423839092255, 0.051900144666433334, 0.051153216511011124, 0.05054736137390137]
iter=340,err=0.046532
[[-0.5 -0.5 -0.5]
 [-0.5 -0.5  0.5]
 [-0.5  0.5 -0.5]
 [-0.5  0.5  0.5]
 [ 0.5 -0.5 -0.5]
 [ 0.5 -0.5  0.5]
 [ 0.5  0.5 -0.5]
 [ 0.5  0.5  0.5]]
[[0. 0. 0.]
 [0. 0. 1.]
 [0. 1. 0.]
 [0. 1. 1.]
 [1. 0. 0.]
 [1. 0. 1.]
 [1. 1. 0.]
 [1. 1. 1.]]
[[-0.1699694  -0.28750825 -0.9291273 ]
 [-0.06615611 -0.10766338  0.59963736]
 [-0.50913635  0.31518996 -0.67903465]
 [-0.99859199  0.24708769  0.0551653 ]
 [ 0.9358649  -0.9568216  -0.00631169]
 [ 0.62546365 -0.07325136  0.21489485]
 [ 0.53686802  0.9416167  -0.90230528]
 [ 0.28647254  0.78257439  0.22962873]]
[[0.50316845 0.66443734 0.11689094]
 [0.30913697 0.84937037 0.47291071]
 [0.99334398 0.00817214 0.95344423]
 [0.35771527 0.31792395 0.64629953]
 [0.30969481 0.85247779 0.95825703]
 [0.883801   0.93632691 0.88113996]
 [0.46686686 0.7374958  0.15242162]
 [0.93343639 0.81821352 0.31957704]]
tensor([[-0.4349, -0.5631, -0.5687],
        [-0.5069, -0.4974,  0.4939],
        [-0.5145,  0.4914, -0.4841],
        [-0.5040,  0.4911,  0.4955],
        [ 0.5247, -0.5304, -0.3679],
        [ 0.4840, -0.4806,  0.5028],
        [ 0.5040,  0.4972, -0.5104],
        [ 0.5003,  0.5110,  0.5028]], device='cuda:0', requires_grad=True)
tensor([[ 0.1146, -0.0285, -0.0925],
        [ 0.0115,  0.0234,  1.0480],
        [ 0.0889,  1.0248,  0.1035],
        [-0.1040,  0.9334,  0.9378],
        [ 1.0068,  0.0961,  0.3322],
        [ 0.9813, -0.0094,  0.9658],
        [ 0.9601,  0.8824, -0.0606],
        [ 0.9681,  1.0346,  0.9777]], device='cuda:0', requires_grad=True)
[0.049785878509283066, 0.04911310598254204, 0.048407524824142456, 0.047688957303762436, 0.04704868420958519, 0.046353571116924286, 0.045539140701293945, 0.04471796378493309, 0.043769337236881256, 0.04289676249027252]
iter=350,err=0.039668
[[-0.5 -0.5 -0.5]
 [-0.5 -0.5  0.5]
 [-0.5  0.5 -0.5]
 [-0.5  0.5  0.5]
 [ 0.5 -0.5 -0.5]
 [ 0.5 -0.5  0.5]
 [ 0.5  0.5 -0.5]
 [ 0.5  0.5  0.5]]
[[0. 0. 0.]
 [0. 0. 1.]
 [0. 1. 0.]
 [0. 1. 1.]
 [1. 0. 0.]
 [1. 0. 1.]
 [1. 1. 0.]
 [1. 1. 1.]]
[[-0.1699694  -0.28750825 -0.9291273 ]
 [-0.06615611 -0.10766338  0.59963736]
 [-0.50913635  0.31518996 -0.67903465]
 [-0.99859199  0.24708769  0.0551653 ]
 [ 0.9358649  -0.9568216  -0.00631169]
 [ 0.62546365 -0.07325136  0.21489485]
 [ 0.53686802  0.9416167  -0.90230528]
 [ 0.28647254  0.78257439  0.22962873]]
[[0.50316845 0.66443734 0.11689094]
 [0.30913697 0.84937037 0.47291071]
 [0.99334398 0.00817214 0.95344423]
 [0.35771527 0.31792395 0.64629953]
 [0.30969481 0.85247779 0.95825703]
 [0.883801   0.93632691 0.88113996]
 [0.46686686 0.7374958  0.15242162]
 [0.93343639 0.81821352 0.31957704]]
tensor([[-0.4499, -0.5569, -0.5673],
        [-0.5011, -0.4982,  0.4951],
        [-0.5089,  0.4938, -0.4880],
        [-0.5090,  0.4957,  0.5104],
        [ 0.5066, -0.5164, -0.3928],
        [ 0.4878, -0.4852,  0.5108],
        [ 0.5029,  0.4984, -0.5168],
        [ 0.4970,  0.5093,  0.5072]], device='cuda:0', requires_grad=True)
tensor([[ 0.0995, -0.0295, -0.0890],
        [ 0.0100,  0.0211,  1.0451],
        [ 0.0807,  1.0260,  0.0984],
        [-0.0935,  0.9387,  0.9490],
        [ 1.0074,  0.0905,  0.3070],
        [ 0.9762, -0.0103,  0.9650],
        [ 0.9615,  0.8907, -0.0597],
        [ 0.9744,  1.0290,  0.9755]], device='cuda:0', requires_grad=True)
[0.04218508303165436, 0.04154961556196213, 0.040970101952552795, 0.040471456944942474, 0.03991961479187012, 0.03938610479235649, 0.038870371878147125, 0.03841134160757065, 0.03777250647544861, 0.03714851289987564]
iter=360,err=0.034023
[[-0.5 -0.5 -0.5]
 [-0.5 -0.5  0.5]
 [-0.5  0.5 -0.5]
 [-0.5  0.5  0.5]
 [ 0.5 -0.5 -0.5]
 [ 0.5 -0.5  0.5]
 [ 0.5  0.5 -0.5]
 [ 0.5  0.5  0.5]]
[[0. 0. 0.]
 [0. 0. 1.]
 [0. 1. 0.]
 [0. 1. 1.]
 [1. 0. 0.]
 [1. 0. 1.]
 [1. 1. 0.]
 [1. 1. 1.]]
[[-0.1699694  -0.28750825 -0.9291273 ]
 [-0.06615611 -0.10766338  0.59963736]
 [-0.50913635  0.31518996 -0.67903465]
 [-0.99859199  0.24708769  0.0551653 ]
 [ 0.9358649  -0.9568216  -0.00631169]
 [ 0.62546365 -0.07325136  0.21489485]
 [ 0.53686802  0.9416167  -0.90230528]
 [ 0.28647254  0.78257439  0.22962873]]
[[0.50316845 0.66443734 0.11689094]
 [0.30913697 0.84937037 0.47291071]
 [0.99334398 0.00817214 0.95344423]
 [0.35771527 0.31792395 0.64629953]
 [0.30969481 0.85247779 0.95825703]
 [0.883801   0.93632691 0.88113996]
 [0.46686686 0.7374958  0.15242162]
 [0.93343639 0.81821352 0.31957704]]
tensor([[-0.4529, -0.5457, -0.5647],
        [-0.4980, -0.4972,  0.4950],
        [-0.5024,  0.4968, -0.4855],
        [-0.5115,  0.4949,  0.5057],
        [ 0.5036, -0.5065, -0.4268],
        [ 0.4938, -0.4852,  0.5110],
        [ 0.5061,  0.4987, -0.5247],
        [ 0.4959,  0.5051,  0.4993]], device='cuda:0', requires_grad=True)
tensor([[ 0.0841, -0.0301, -0.0855],
        [ 0.0104,  0.0194,  1.0422],
        [ 0.0729,  1.0263,  0.0935],
        [-0.0853,  0.9423,  0.9549],
        [ 1.0098,  0.0830,  0.2734],
        [ 0.9752, -0.0116,  0.9628],
        [ 0.9638,  0.9004, -0.0604],
        [ 0.9800,  1.0213,  0.9690]], device='cuda:0', requires_grad=True)
[0.03652054816484451, 0.035955917090177536, 0.035411521792411804, 0.03498854488134384, 0.03435198590159416, 0.03377562388777733, 0.03313112258911133, 0.032555148005485535, 0.03204070031642914, 0.03150205314159393]
iter=370,err=0.028945
[[-0.5 -0.5 -0.5]
 [-0.5 -0.5  0.5]
 [-0.5  0.5 -0.5]
 [-0.5  0.5  0.5]
 [ 0.5 -0.5 -0.5]
 [ 0.5 -0.5  0.5]
 [ 0.5  0.5 -0.5]
 [ 0.5  0.5  0.5]]
[[0. 0. 0.]
 [0. 0. 1.]
 [0. 1. 0.]
 [0. 1. 1.]
 [1. 0. 0.]
 [1. 0. 1.]
 [1. 1. 0.]
 [1. 1. 1.]]
[[-0.1699694  -0.28750825 -0.9291273 ]
 [-0.06615611 -0.10766338  0.59963736]
 [-0.50913635  0.31518996 -0.67903465]
 [-0.99859199  0.24708769  0.0551653 ]
 [ 0.9358649  -0.9568216  -0.00631169]
 [ 0.62546365 -0.07325136  0.21489485]
 [ 0.53686802  0.9416167  -0.90230528]
 [ 0.28647254  0.78257439  0.22962873]]
[[0.50316845 0.66443734 0.11689094]
 [0.30913697 0.84937037 0.47291071]
 [0.99334398 0.00817214 0.95344423]
 [0.35771527 0.31792395 0.64629953]
 [0.30969481 0.85247779 0.95825703]
 [0.883801   0.93632691 0.88113996]
 [0.46686686 0.7374958  0.15242162]
 [0.93343639 0.81821352 0.31957704]]
tensor([[-0.4574, -0.5364, -0.5575],
        [-0.4965, -0.4985,  0.4952],
        [-0.4986,  0.4980, -0.4792],
        [-0.5113,  0.4964,  0.5017],
        [ 0.5105, -0.5044, -0.4535],
        [ 0.4989, -0.4860,  0.5105],
        [ 0.5086,  0.4957, -0.5246],
        [ 0.4983,  0.5032,  0.4964]], device='cuda:0', requires_grad=True)
tensor([[ 0.0705, -0.0298, -0.0808],
        [ 0.0123,  0.0189,  1.0404],
        [ 0.0653,  1.0271,  0.0883],
        [-0.0779,  0.9469,  0.9595],
        [ 1.0125,  0.0772,  0.2420],
        [ 0.9773, -0.0124,  0.9607],
        [ 0.9663,  0.9122, -0.0587],
        [ 0.9853,  1.0167,  0.9652]], device='cuda:0', requires_grad=True)
[0.030981583520770073, 0.030462976545095444, 0.03002346307039261, 0.029598582535982132, 0.02915189415216446, 0.028738709166646004, 0.02825545147061348, 0.02781197614967823, 0.02739386260509491, 0.027035191655158997]
iter=380,err=0.024459
[[-0.5 -0.5 -0.5]
 [-0.5 -0.5  0.5]
 [-0.5  0.5 -0.5]
 [-0.5  0.5  0.5]
 [ 0.5 -0.5 -0.5]
 [ 0.5 -0.5  0.5]
 [ 0.5  0.5 -0.5]
 [ 0.5  0.5  0.5]]
[[0. 0. 0.]
 [0. 0. 1.]
 [0. 1. 0.]
 [0. 1. 1.]
 [1. 0. 0.]
 [1. 0. 1.]
 [1. 1. 0.]
 [1. 1. 1.]]
[[-0.1699694  -0.28750825 -0.9291273 ]
 [-0.06615611 -0.10766338  0.59963736]
 [-0.50913635  0.31518996 -0.67903465]
 [-0.99859199  0.24708769  0.0551653 ]
 [ 0.9358649  -0.9568216  -0.00631169]
 [ 0.62546365 -0.07325136  0.21489485]
 [ 0.53686802  0.9416167  -0.90230528]
 [ 0.28647254  0.78257439  0.22962873]]
[[0.50316845 0.66443734 0.11689094]
 [0.30913697 0.84937037 0.47291071]
 [0.99334398 0.00817214 0.95344423]
 [0.35771527 0.31792395 0.64629953]
 [0.30969481 0.85247779 0.95825703]
 [0.883801   0.93632691 0.88113996]
 [0.46686686 0.7374958  0.15242162]
 [0.93343639 0.81821352 0.31957704]]
tensor([[-0.4653, -0.5243, -0.5475],
        [-0.4952, -0.4974,  0.4968],
        [-0.4996,  0.5009, -0.4763],
        [-0.5112,  0.5002,  0.5001],
        [ 0.5130, -0.4995, -0.4629],
        [ 0.5006, -0.4929,  0.4893],
        [ 0.5073,  0.4946, -0.5189],
        [ 0.4994,  0.5040,  0.4977]], device='cuda:0', requires_grad=True)
tensor([[ 0.0585, -0.0287, -0.0773],
        [ 0.0148,  0.0182,  1.0386],
        [ 0.0602,  1.0274,  0.0845],
        [-0.0709,  0.9523,  0.9650],
        [ 1.0122,  0.0707,  0.2056],
        [ 0.9805, -0.0128,  0.9564],
        [ 0.9678,  0.9200, -0.0595],
        [ 0.9907,  1.0125,  0.9614]], device='cuda:0', requires_grad=True)
[0.026646442711353302, 0.025916937738656998, 0.025338757783174515, 0.02489270642399788, 0.02445266768336296, 0.02409145049750805, 0.023785792291164398, 0.023464199155569077, 0.02317090705037117, 0.022826051339507103]
iter=390,err=0.020483
[[-0.5 -0.5 -0.5]
 [-0.5 -0.5  0.5]
 [-0.5  0.5 -0.5]
 [-0.5  0.5  0.5]
 [ 0.5 -0.5 -0.5]
 [ 0.5 -0.5  0.5]
 [ 0.5  0.5 -0.5]
 [ 0.5  0.5  0.5]]
[[0. 0. 0.]
 [0. 0. 1.]
 [0. 1. 0.]
 [0. 1. 1.]
 [1. 0. 0.]
 [1. 0. 1.]
 [1. 1. 0.]
 [1. 1. 1.]]
[[-0.1699694  -0.28750825 -0.9291273 ]
 [-0.06615611 -0.10766338  0.59963736]
 [-0.50913635  0.31518996 -0.67903465]
 [-0.99859199  0.24708769  0.0551653 ]
 [ 0.9358649  -0.9568216  -0.00631169]
 [ 0.62546365 -0.07325136  0.21489485]
 [ 0.53686802  0.9416167  -0.90230528]
 [ 0.28647254  0.78257439  0.22962873]]
[[0.50316845 0.66443734 0.11689094]
 [0.30913697 0.84937037 0.47291071]
 [0.99334398 0.00817214 0.95344423]
 [0.35771527 0.31792395 0.64629953]
 [0.30969481 0.85247779 0.95825703]
 [0.883801   0.93632691 0.88113996]
 [0.46686686 0.7374958  0.15242162]
 [0.93343639 0.81821352 0.31957704]]
tensor([[-0.4757, -0.5168, -0.5381],
        [-0.4960, -0.4991,  0.4991],
        [-0.5007,  0.5031, -0.4779],
        [-0.5109,  0.4996,  0.4999],
        [ 0.5118, -0.4947, -0.4620],
        [ 0.5029, -0.5025,  0.5017],
        [ 0.4998,  0.4909, -0.5105],
        [ 0.4991,  0.5036,  0.5057]], device='cuda:0', requires_grad=True)
tensor([[ 0.0509, -0.0259, -0.0709],
        [ 0.0162,  0.0180,  1.0382],
        [ 0.0563,  1.0278,  0.0820],
        [-0.0660,  0.9567,  0.9692],
        [ 1.0107,  0.0629,  0.1685],
        [ 0.9859, -0.0131,  0.9560],
        [ 0.9666,  0.9250, -0.0585],
        [ 0.9953,  1.0091,  0.9596]], device='cuda:0', requires_grad=True)
[0.022473160177469254, 0.02198888547718525, 0.02156074158847332, 0.02103745937347412, 0.02059575915336609, 0.02017025463283062, 0.019787706434726715, 0.019345276057720184, 0.019026432186365128, 0.018841492012143135]
iter=400,err=0.018129
[[-0.5 -0.5 -0.5]
 [-0.5 -0.5  0.5]
 [-0.5  0.5 -0.5]
 [-0.5  0.5  0.5]
 [ 0.5 -0.5 -0.5]
 [ 0.5 -0.5  0.5]
 [ 0.5  0.5 -0.5]
 [ 0.5  0.5  0.5]]
[[0. 0. 0.]
 [0. 0. 1.]
 [0. 1. 0.]
 [0. 1. 1.]
 [1. 0. 0.]
 [1. 0. 1.]
 [1. 1. 0.]
 [1. 1. 1.]]
[[-0.1699694  -0.28750825 -0.9291273 ]
 [-0.06615611 -0.10766338  0.59963736]
 [-0.50913635  0.31518996 -0.67903465]
 [-0.99859199  0.24708769  0.0551653 ]
 [ 0.9358649  -0.9568216  -0.00631169]
 [ 0.62546365 -0.07325136  0.21489485]
 [ 0.53686802  0.9416167  -0.90230528]
 [ 0.28647254  0.78257439  0.22962873]]
[[0.50316845 0.66443734 0.11689094]
 [0.30913697 0.84937037 0.47291071]
 [0.99334398 0.00817214 0.95344423]
 [0.35771527 0.31792395 0.64629953]
 [0.30969481 0.85247779 0.95825703]
 [0.883801   0.93632691 0.88113996]
 [0.46686686 0.7374958  0.15242162]
 [0.93343639 0.81821352 0.31957704]]
tensor([[-0.4855, -0.5112, -0.5334],
        [-0.4955, -0.4979,  0.4987],
        [-0.5014,  0.4971, -0.4796],
        [-0.5102,  0.4924,  0.4964],
        [ 0.5077, -0.4913, -0.4653],
        [ 0.4999, -0.5016,  0.5054],
        [ 0.4962,  0.4935, -0.5075],
        [ 0.4916,  0.5001,  0.5067]], device='cuda:0', requires_grad=True)
tensor([[ 0.0443, -0.0226, -0.0621],
        [ 0.0164,  0.0176,  1.0379],
        [ 0.0521,  1.0288,  0.0798],
        [-0.0596,  0.9626,  0.9748],
        [ 1.0082,  0.0574,  0.1441],
        [ 0.9862, -0.0137,  0.9588],
        [ 0.9669,  0.9313, -0.0533],
        [ 0.9968,  1.0057,  0.9630]], device='cuda:0', requires_grad=True)
[0.018668700009584427, 0.018543526530265808, 0.018420955166220665, 0.018302857875823975, 0.018213097006082535, 0.018074139952659607, 0.017918167635798454, 0.017846548929810524, 0.017726514488458633, 0.01758003607392311]
iter=410,err=0.016357
[[-0.5 -0.5 -0.5]
 [-0.5 -0.5  0.5]
 [-0.5  0.5 -0.5]
 [-0.5  0.5  0.5]
 [ 0.5 -0.5 -0.5]
 [ 0.5 -0.5  0.5]
 [ 0.5  0.5 -0.5]
 [ 0.5  0.5  0.5]]
[[0. 0. 0.]
 [0. 0. 1.]
 [0. 1. 0.]
 [0. 1. 1.]
 [1. 0. 0.]
 [1. 0. 1.]
 [1. 1. 0.]
 [1. 1. 1.]]
[[-0.1699694  -0.28750825 -0.9291273 ]
 [-0.06615611 -0.10766338  0.59963736]
 [-0.50913635  0.31518996 -0.67903465]
 [-0.99859199  0.24708769  0.0551653 ]
 [ 0.9358649  -0.9568216  -0.00631169]
 [ 0.62546365 -0.07325136  0.21489485]
 [ 0.53686802  0.9416167  -0.90230528]
 [ 0.28647254  0.78257439  0.22962873]]
[[0.50316845 0.66443734 0.11689094]
 [0.30913697 0.84937037 0.47291071]
 [0.99334398 0.00817214 0.95344423]
 [0.35771527 0.31792395 0.64629953]
 [0.30969481 0.85247779 0.95825703]
 [0.883801   0.93632691 0.88113996]
 [0.46686686 0.7374958  0.15242162]
 [0.93343639 0.81821352 0.31957704]]
tensor([[-0.4895, -0.5076, -0.5297],
        [-0.4948, -0.4961,  0.4990],
        [-0.4998,  0.5000, -0.4873],
        [-0.5080,  0.4920,  0.4958],
        [ 0.5033, -0.4961, -0.4681],
        [ 0.4998, -0.4997,  0.5048],
        [ 0.5009,  0.4994, -0.5119],
        [ 0.4932,  0.5022,  0.5045]], device='cuda:0', requires_grad=True)
tensor([[ 0.0385, -0.0199, -0.0553],
        [ 0.0149,  0.0169,  1.0376],
        [ 0.0483,  1.0297,  0.0775],
        [-0.0541,  0.9673,  0.9793],
        [ 1.0072,  0.0540,  0.1290],
        [ 0.9870, -0.0138,  0.9696],
        [ 0.9684,  0.9380, -0.0479],
        [ 0.9975,  1.0040,  0.9713]], device='cuda:0', requires_grad=True)
[0.017401212826371193, 0.017222031950950623, 0.016986612230539322, 0.016742484644055367, 0.016528043895959854, 0.016285620629787445, 0.016032524406909943, 0.015766724944114685, 0.015455026179552078, 0.015152977779507637]
iter=420,err=0.014015
[[-0.5 -0.5 -0.5]
 [-0.5 -0.5  0.5]
 [-0.5  0.5 -0.5]
 [-0.5  0.5  0.5]
 [ 0.5 -0.5 -0.5]
 [ 0.5 -0.5  0.5]
 [ 0.5  0.5 -0.5]
 [ 0.5  0.5  0.5]]
[[0. 0. 0.]
 [0. 0. 1.]
 [0. 1. 0.]
 [0. 1. 1.]
 [1. 0. 0.]
 [1. 0. 1.]
 [1. 1. 0.]
 [1. 1. 1.]]
[[-0.1699694  -0.28750825 -0.9291273 ]
 [-0.06615611 -0.10766338  0.59963736]
 [-0.50913635  0.31518996 -0.67903465]
 [-0.99859199  0.24708769  0.0551653 ]
 [ 0.9358649  -0.9568216  -0.00631169]
 [ 0.62546365 -0.07325136  0.21489485]
 [ 0.53686802  0.9416167  -0.90230528]
 [ 0.28647254  0.78257439  0.22962873]]
[[0.50316845 0.66443734 0.11689094]
 [0.30913697 0.84937037 0.47291071]
 [0.99334398 0.00817214 0.95344423]
 [0.35771527 0.31792395 0.64629953]
 [0.30969481 0.85247779 0.95825703]
 [0.883801   0.93632691 0.88113996]
 [0.46686686 0.7374958  0.15242162]
 [0.93343639 0.81821352 0.31957704]]
tensor([[-0.4919, -0.5004, -0.5241],
        [-0.4965, -0.4963,  0.4992],
        [-0.4948,  0.5001, -0.4888],
        [-0.5082,  0.4999,  0.5015],
        [ 0.5051, -0.5012, -0.4723],
        [ 0.5015, -0.5127,  0.5027],
        [ 0.5047,  0.5006, -0.5126],
        [ 0.4968,  0.5036,  0.5037]], device='cuda:0', requires_grad=True)
tensor([[ 0.0332, -0.0171, -0.0500],
        [ 0.0141,  0.0167,  1.0369],
        [ 0.0440,  1.0296,  0.0735],
        [-0.0491,  0.9719,  0.9824],
        [ 1.0074,  0.0512,  0.1166],
        [ 0.9867, -0.0138,  0.9754],
        [ 0.9699,  0.9442, -0.0431],
        [ 0.9979,  1.0029,  0.9770]], device='cuda:0', requires_grad=True)
[0.014896878972649574, 0.014637347310781479, 0.01434748712927103, 0.014065154828131199, 0.01381872221827507, 0.013585349544882774, 0.013444115407764912, 0.013585807755589485, 0.013748237863183022, 0.01401829719543457]
iter=430,err=0.014758
[[-0.5 -0.5 -0.5]
 [-0.5 -0.5  0.5]
 [-0.5  0.5 -0.5]
 [-0.5  0.5  0.5]
 [ 0.5 -0.5 -0.5]
 [ 0.5 -0.5  0.5]
 [ 0.5  0.5 -0.5]
 [ 0.5  0.5  0.5]]
[[0. 0. 0.]
 [0. 0. 1.]
 [0. 1. 0.]
 [0. 1. 1.]
 [1. 0. 0.]
 [1. 0. 1.]
 [1. 1. 0.]
 [1. 1. 1.]]
[[-0.1699694  -0.28750825 -0.9291273 ]
 [-0.06615611 -0.10766338  0.59963736]
 [-0.50913635  0.31518996 -0.67903465]
 [-0.99859199  0.24708769  0.0551653 ]
 [ 0.9358649  -0.9568216  -0.00631169]
 [ 0.62546365 -0.07325136  0.21489485]
 [ 0.53686802  0.9416167  -0.90230528]
 [ 0.28647254  0.78257439  0.22962873]]
[[0.50316845 0.66443734 0.11689094]
 [0.30913697 0.84937037 0.47291071]
 [0.99334398 0.00817214 0.95344423]
 [0.35771527 0.31792395 0.64629953]
 [0.30969481 0.85247779 0.95825703]
 [0.883801   0.93632691 0.88113996]
 [0.46686686 0.7374958  0.15242162]
 [0.93343639 0.81821352 0.31957704]]
tensor([[-0.4943, -0.4949, -0.5162],
        [-0.4978, -0.4921,  0.4968],
        [-0.4885,  0.4953, -0.4913],
        [-0.5105,  0.5048,  0.5052],
        [ 0.5073, -0.5060, -0.4710],
        [ 0.4987, -0.5157,  0.4889],
        [ 0.5053,  0.4996, -0.5084],
        [ 0.4987,  0.5017,  0.5008]], device='cuda:0', requires_grad=True)
tensor([[ 0.0273, -0.0140, -0.0445],
        [ 0.0131,  0.0163,  1.0351],
        [ 0.0406,  1.0297,  0.0699],
        [-0.0446,  0.9754,  0.9839],
        [ 1.0065,  0.0472,  0.1025],
        [ 0.9803, -0.0146,  0.9707],
        [ 0.9698,  0.9495, -0.0387],
        [ 0.9985,  1.0016,  0.9792]], device='cuda:0', requires_grad=True)
[0.014342221431434155, 0.014569660648703575, 0.014767255634069443, 0.014947813004255295, 0.014987938106060028, 0.014979810453951359, 0.014963462948799133, 0.01481548696756363, 0.01464124582707882, 0.014569801278412342]
iter=440,err=0.013468
[[-0.5 -0.5 -0.5]
 [-0.5 -0.5  0.5]
 [-0.5  0.5 -0.5]
 [-0.5  0.5  0.5]
 [ 0.5 -0.5 -0.5]
 [ 0.5 -0.5  0.5]
 [ 0.5  0.5 -0.5]
 [ 0.5  0.5  0.5]]
[[0. 0. 0.]
 [0. 0. 1.]
 [0. 1. 0.]
 [0. 1. 1.]
 [1. 0. 0.]
 [1. 0. 1.]
 [1. 1. 0.]
 [1. 1. 1.]]
[[-0.1699694  -0.28750825 -0.9291273 ]
 [-0.06615611 -0.10766338  0.59963736]
 [-0.50913635  0.31518996 -0.67903465]
 [-0.99859199  0.24708769  0.0551653 ]
 [ 0.9358649  -0.9568216  -0.00631169]
 [ 0.62546365 -0.07325136  0.21489485]
 [ 0.53686802  0.9416167  -0.90230528]
 [ 0.28647254  0.78257439  0.22962873]]
[[0.50316845 0.66443734 0.11689094]
 [0.30913697 0.84937037 0.47291071]
 [0.99334398 0.00817214 0.95344423]
 [0.35771527 0.31792395 0.64629953]
 [0.30969481 0.85247779 0.95825703]
 [0.883801   0.93632691 0.88113996]
 [0.46686686 0.7374958  0.15242162]
 [0.93343639 0.81821352 0.31957704]]
tensor([[-0.4983, -0.4927, -0.5125],
        [-0.4973, -0.4911,  0.4959],
        [-0.4887,  0.4980, -0.4966],
        [-0.5026,  0.4955,  0.5013],
        [ 0.5068, -0.5005, -0.4701],
        [ 0.5000, -0.5117,  0.4871],
        [ 0.5035,  0.4983, -0.5055],
        [ 0.5009,  0.4995,  0.5002]], device='cuda:0', requires_grad=True)
tensor([[ 0.0221, -0.0103, -0.0386],
        [ 0.0126,  0.0160,  1.0331],
        [ 0.0382,  1.0306,  0.0663],
        [-0.0401,  0.9739,  0.9772],
        [ 1.0059,  0.0433,  0.0910],
        [ 0.9704, -0.0151,  0.9622],
        [ 0.9701,  0.9537, -0.0357],
        [ 0.9997,  0.9999,  0.9805]], device='cuda:0', requires_grad=True)
[0.014494620263576508, 0.014363216236233711, 0.014232929795980453, 0.014091775752604008, 0.013711592182517052, 0.013372600078582764, 0.013015574775636196, 0.01268613338470459, 0.01244891993701458, 0.012258872389793396]
iter=450,err=0.011043
[[-0.5 -0.5 -0.5]
 [-0.5 -0.5  0.5]
 [-0.5  0.5 -0.5]
 [-0.5  0.5  0.5]
 [ 0.5 -0.5 -0.5]
 [ 0.5 -0.5  0.5]
 [ 0.5  0.5 -0.5]
 [ 0.5  0.5  0.5]]
[[0. 0. 0.]
 [0. 0. 1.]
 [0. 1. 0.]
 [0. 1. 1.]
 [1. 0. 0.]
 [1. 0. 1.]
 [1. 1. 0.]
 [1. 1. 1.]]
[[-0.1699694  -0.28750825 -0.9291273 ]
 [-0.06615611 -0.10766338  0.59963736]
 [-0.50913635  0.31518996 -0.67903465]
 [-0.99859199  0.24708769  0.0551653 ]
 [ 0.9358649  -0.9568216  -0.00631169]
 [ 0.62546365 -0.07325136  0.21489485]
 [ 0.53686802  0.9416167  -0.90230528]
 [ 0.28647254  0.78257439  0.22962873]]
[[0.50316845 0.66443734 0.11689094]
 [0.30913697 0.84937037 0.47291071]
 [0.99334398 0.00817214 0.95344423]
 [0.35771527 0.31792395 0.64629953]
 [0.30969481 0.85247779 0.95825703]
 [0.883801   0.93632691 0.88113996]
 [0.46686686 0.7374958  0.15242162]
 [0.93343639 0.81821352 0.31957704]]
tensor([[-0.4995, -0.4940, -0.5091],
        [-0.4997, -0.4943,  0.4980],
        [-0.4926,  0.5047, -0.4976],
        [-0.4994,  0.4963,  0.5032],
        [ 0.5054, -0.4950, -0.4718],
        [ 0.5020, -0.5035,  0.4932],
        [ 0.5034,  0.4979, -0.5055],
        [ 0.5030,  0.5007,  0.5037]], device='cuda:0', requires_grad=True)
tensor([[ 0.0178, -0.0068, -0.0323],
        [ 0.0126,  0.0164,  1.0324],
        [ 0.0359,  1.0307,  0.0617],
        [-0.0354,  0.9763,  0.9764],
        [ 1.0060,  0.0405,  0.0831],
        [ 0.9692, -0.0152,  0.9634],
        [ 0.9722,  0.9576, -0.0327],
        [ 1.0019,  0.9993,  0.9830]], device='cuda:0', requires_grad=True)
[0.012043748050928116, 0.011805512011051178, 0.011572688817977905, 0.011375971138477325, 0.011156946420669556, 0.010959099978208542, 0.010746436193585396, 0.010533841326832771, 0.010261275805532932, 0.009969940409064293]
iter=460,err=0.008268
[[-0.5 -0.5 -0.5]
 [-0.5 -0.5  0.5]
 [-0.5  0.5 -0.5]
 [-0.5  0.5  0.5]
 [ 0.5 -0.5 -0.5]
 [ 0.5 -0.5  0.5]
 [ 0.5  0.5 -0.5]
 [ 0.5  0.5  0.5]]
[[0. 0. 0.]
 [0. 0. 1.]
 [0. 1. 0.]
 [0. 1. 1.]
 [1. 0. 0.]
 [1. 0. 1.]
 [1. 1. 0.]
 [1. 1. 1.]]
[[-0.1699694  -0.28750825 -0.9291273 ]
 [-0.06615611 -0.10766338  0.59963736]
 [-0.50913635  0.31518996 -0.67903465]
 [-0.99859199  0.24708769  0.0551653 ]
 [ 0.9358649  -0.9568216  -0.00631169]
 [ 0.62546365 -0.07325136  0.21489485]
 [ 0.53686802  0.9416167  -0.90230528]
 [ 0.28647254  0.78257439  0.22962873]]
[[0.50316845 0.66443734 0.11689094]
 [0.30913697 0.84937037 0.47291071]
 [0.99334398 0.00817214 0.95344423]
 [0.35771527 0.31792395 0.64629953]
 [0.30969481 0.85247779 0.95825703]
 [0.883801   0.93632691 0.88113996]
 [0.46686686 0.7374958  0.15242162]
 [0.93343639 0.81821352 0.31957704]]
tensor([[-0.5000, -0.4978, -0.5078],
        [-0.5012, -0.4980,  0.5006],
        [-0.4971,  0.5038, -0.4953],
        [-0.4997,  0.4985,  0.5031],
        [ 0.5045, -0.4963, -0.4774],
        [ 0.5008, -0.5023,  0.4992],
        [ 0.5025,  0.4977, -0.5056],
        [ 0.5014,  0.5009,  0.4965]], device='cuda:0', requires_grad=True)
tensor([[ 0.0143, -0.0036, -0.0262],
        [ 0.0125,  0.0165,  1.0319],
        [ 0.0332,  1.0302,  0.0569],
        [-0.0325,  0.9787,  0.9774],
        [ 1.0074,  0.0376,  0.0746],
        [ 0.9723, -0.0152,  0.9679],
        [ 0.9757,  0.9631, -0.0283],
        [ 1.0021,  0.9979,  0.9835]], device='cuda:0', requires_grad=True)
[0.009666903875768185, 0.009354859590530396, 0.009061858057975769, 0.008779259398579597, 0.008476527407765388, 0.008144141174852848, 0.0076455241069197655, 0.0072827693074941635, 0.007142659276723862, 0.00712160486727953]
iter=470,err=0.006842
[[-0.5 -0.5 -0.5]
 [-0.5 -0.5  0.5]
 [-0.5  0.5 -0.5]
 [-0.5  0.5  0.5]
 [ 0.5 -0.5 -0.5]
 [ 0.5 -0.5  0.5]
 [ 0.5  0.5 -0.5]
 [ 0.5  0.5  0.5]]
[[0. 0. 0.]
 [0. 0. 1.]
 [0. 1. 0.]
 [0. 1. 1.]
 [1. 0. 0.]
 [1. 0. 1.]
 [1. 1. 0.]
 [1. 1. 1.]]
[[-0.1699694  -0.28750825 -0.9291273 ]
 [-0.06615611 -0.10766338  0.59963736]
 [-0.50913635  0.31518996 -0.67903465]
 [-0.99859199  0.24708769  0.0551653 ]
 [ 0.9358649  -0.9568216  -0.00631169]
 [ 0.62546365 -0.07325136  0.21489485]
 [ 0.53686802  0.9416167  -0.90230528]
 [ 0.28647254  0.78257439  0.22962873]]
[[0.50316845 0.66443734 0.11689094]
 [0.30913697 0.84937037 0.47291071]
 [0.99334398 0.00817214 0.95344423]
 [0.35771527 0.31792395 0.64629953]
 [0.30969481 0.85247779 0.95825703]
 [0.883801   0.93632691 0.88113996]
 [0.46686686 0.7374958  0.15242162]
 [0.93343639 0.81821352 0.31957704]]
tensor([[-0.4988, -0.5001, -0.5069],
        [-0.5004, -0.4994,  0.5008],
        [-0.4983,  0.5003, -0.4929],
        [-0.4996,  0.5003,  0.5017],
        [ 0.5055, -0.4975, -0.4855],
        [ 0.4997, -0.5012,  0.5032],
        [ 0.5019,  0.4979, -0.5062],
        [ 0.5001,  0.5010,  0.4910]], device='cuda:0', requires_grad=True)
tensor([[ 0.0112, -0.0016, -0.0209],
        [ 0.0118,  0.0162,  1.0307],
        [ 0.0308,  1.0293,  0.0531],
        [-0.0299,  0.9808,  0.9794],
        [ 1.0086,  0.0344,  0.0656],
        [ 0.9776, -0.0149,  0.9748],
        [ 0.9782,  0.9669, -0.0250],
        [ 1.0018,  0.9963,  0.9828]], device='cuda:0', requires_grad=True)
[0.007122209761291742, 0.007116501219570637, 0.00702082272619009, 0.006954588927328587, 0.006892614532262087, 0.006817028857767582, 0.006732508074492216, 0.006663626525551081, 0.0065891556441783905, 0.006513487547636032]
iter=480,err=0.005937
[[-0.5 -0.5 -0.5]
 [-0.5 -0.5  0.5]
 [-0.5  0.5 -0.5]
 [-0.5  0.5  0.5]
 [ 0.5 -0.5 -0.5]
 [ 0.5 -0.5  0.5]
 [ 0.5  0.5 -0.5]
 [ 0.5  0.5  0.5]]
[[0. 0. 0.]
 [0. 0. 1.]
 [0. 1. 0.]
 [0. 1. 1.]
 [1. 0. 0.]
 [1. 0. 1.]
 [1. 1. 0.]
 [1. 1. 1.]]
[[-0.1699694  -0.28750825 -0.9291273 ]
 [-0.06615611 -0.10766338  0.59963736]
 [-0.50913635  0.31518996 -0.67903465]
 [-0.99859199  0.24708769  0.0551653 ]
 [ 0.9358649  -0.9568216  -0.00631169]
 [ 0.62546365 -0.07325136  0.21489485]
 [ 0.53686802  0.9416167  -0.90230528]
 [ 0.28647254  0.78257439  0.22962873]]
[[0.50316845 0.66443734 0.11689094]
 [0.30913697 0.84937037 0.47291071]
 [0.99334398 0.00817214 0.95344423]
 [0.35771527 0.31792395 0.64629953]
 [0.30969481 0.85247779 0.95825703]
 [0.883801   0.93632691 0.88113996]
 [0.46686686 0.7374958  0.15242162]
 [0.93343639 0.81821352 0.31957704]]
tensor([[-0.4987, -0.5013, -0.5043],
        [-0.4991, -0.4987,  0.5001],
        [-0.4984,  0.5014, -0.4931],
        [-0.5000,  0.5023,  0.5038],
        [ 0.5049, -0.4977, -0.4885],
        [ 0.4995, -0.4998,  0.5054],
        [ 0.5019,  0.5003, -0.5037],
        [ 0.5011,  0.5030,  0.4983]], device='cuda:0', requires_grad=True)
tensor([[ 9.6074e-03, -9.4703e-04, -1.7512e-02],
        [ 1.0912e-02,  1.5435e-02,  1.0288e+00],
        [ 2.8811e-02,  1.0283e+00,  4.9577e-02],
        [-2.7234e-02,  9.8257e-01,  9.8132e-01],
        [ 1.0094e+00,  3.1677e-02,  5.7832e-02],
        [ 9.8322e-01, -1.4166e-02,  9.8159e-01],
        [ 9.7977e-01,  9.6940e-01, -2.3278e-02],
        [ 1.0024e+00,  9.9638e-01,  9.8313e-01]], device='cuda:0',
       requires_grad=True)
[0.006392932962626219, 0.006298220716416836, 0.006225886754691601, 0.006100818514823914, 0.005977757275104523, 0.0058615547604858875, 0.005755019839853048, 0.00567354541271925, 0.005577919073402882, 0.0055022574961185455]
iter=490,err=0.004992
[[-0.5 -0.5 -0.5]
 [-0.5 -0.5  0.5]
 [-0.5  0.5 -0.5]
 [-0.5  0.5  0.5]
 [ 0.5 -0.5 -0.5]
 [ 0.5 -0.5  0.5]
 [ 0.5  0.5 -0.5]
 [ 0.5  0.5  0.5]]
[[0. 0. 0.]
 [0. 0. 1.]
 [0. 1. 0.]
 [0. 1. 1.]
 [1. 0. 0.]
 [1. 0. 1.]
 [1. 1. 0.]
 [1. 1. 1.]]
[[-0.1699694  -0.28750825 -0.9291273 ]
 [-0.06615611 -0.10766338  0.59963736]
 [-0.50913635  0.31518996 -0.67903465]
 [-0.99859199  0.24708769  0.0551653 ]
 [ 0.9358649  -0.9568216  -0.00631169]
 [ 0.62546365 -0.07325136  0.21489485]
 [ 0.53686802  0.9416167  -0.90230528]
 [ 0.28647254  0.78257439  0.22962873]]
[[0.50316845 0.66443734 0.11689094]
 [0.30913697 0.84937037 0.47291071]
 [0.99334398 0.00817214 0.95344423]
 [0.35771527 0.31792395 0.64629953]
 [0.30969481 0.85247779 0.95825703]
 [0.883801   0.93632691 0.88113996]
 [0.46686686 0.7374958  0.15242162]
 [0.93343639 0.81821352 0.31957704]]
tensor([[-0.4985, -0.5020, -0.5042],
        [-0.4980, -0.4983,  0.4990],
        [-0.4970,  0.5009, -0.4921],
        [-0.5005,  0.4990,  0.5015],
        [ 0.5032, -0.4984, -0.4925],
        [ 0.4955, -0.4999,  0.5017],
        [ 0.5011,  0.4981, -0.5022],
        [ 0.4973,  0.5024,  0.4985]], device='cuda:0', requires_grad=True)
tensor([[ 8.4339e-03, -8.5263e-04, -1.5521e-02],
        [ 1.0060e-02,  1.4734e-02,  1.0268e+00],
        [ 2.6759e-02,  1.0255e+00,  4.6161e-02],
        [-2.4767e-02,  9.8350e-01,  9.8269e-01],
        [ 1.0095e+00,  2.9331e-02,  5.1669e-02],
        [ 9.8635e-01, -1.3448e-02,  9.8605e-01],
        [ 9.8109e-01,  9.7153e-01, -2.1777e-02],
        [ 9.9875e-01,  9.9418e-01,  9.8120e-01]], device='cuda:0',
       requires_grad=True)
[0.005400168709456921, 0.005251692607998848, 0.005147188901901245, 0.0050483387894928455, 0.0049957288429141045, 0.004907891154289246, 0.004835640080273151, 0.004794929642230272, 0.004773148335516453, 0.004768260754644871]
iter=500,err=0.004474
[[-0.5 -0.5 -0.5]
 [-0.5 -0.5  0.5]
 [-0.5  0.5 -0.5]
 [-0.5  0.5  0.5]
 [ 0.5 -0.5 -0.5]
 [ 0.5 -0.5  0.5]
 [ 0.5  0.5 -0.5]
 [ 0.5  0.5  0.5]]
[[0. 0. 0.]
 [0. 0. 1.]
 [0. 1. 0.]
 [0. 1. 1.]
 [1. 0. 0.]
 [1. 0. 1.]
 [1. 1. 0.]
 [1. 1. 1.]]
[[-0.1699694  -0.28750825 -0.9291273 ]
 [-0.06615611 -0.10766338  0.59963736]
 [-0.50913635  0.31518996 -0.67903465]
 [-0.99859199  0.24708769  0.0551653 ]
 [ 0.9358649  -0.9568216  -0.00631169]
 [ 0.62546365 -0.07325136  0.21489485]
 [ 0.53686802  0.9416167  -0.90230528]
 [ 0.28647254  0.78257439  0.22962873]]
[[0.50316845 0.66443734 0.11689094]
 [0.30913697 0.84937037 0.47291071]
 [0.99334398 0.00817214 0.95344423]
 [0.35771527 0.31792395 0.64629953]
 [0.30969481 0.85247779 0.95825703]
 [0.883801   0.93632691 0.88113996]
 [0.46686686 0.7374958  0.15242162]
 [0.93343639 0.81821352 0.31957704]]
tensor([[-0.4986, -0.5013, -0.5045],
        [-0.4976, -0.4985,  0.4983],
        [-0.5001,  0.5004, -0.4981],
        [-0.5014,  0.4993,  0.5008],
        [ 0.5021, -0.4988, -0.4941],
        [ 0.4975, -0.5017,  0.5034],
        [ 0.5010,  0.4978, -0.5014],
        [ 0.4931,  0.4934,  0.5020]], device='cuda:0', requires_grad=True)
tensor([[ 7.3494e-03, -9.4727e-04, -1.3676e-02],
        [ 9.4159e-03,  1.4150e-02,  1.0255e+00],
        [ 2.4981e-02,  1.0240e+00,  4.3210e-02],
        [-2.2697e-02,  9.8459e-01,  9.8445e-01],
        [ 1.0095e+00,  2.6805e-02,  4.4392e-02],
        [ 9.8950e-01, -1.2727e-02,  9.9022e-01],
        [ 9.8285e-01,  9.7415e-01, -2.0123e-02],
        [ 9.9707e-01,  9.9335e-01,  9.8083e-01]], device='cuda:0',
       requires_grad=True)
[0.004762963391840458, 0.004739857278764248, 0.004579255357384682, 0.004413817077875137, 0.004347180016338825, 0.00434387382119894, 0.004354169592261314, 0.004375397693365812, 0.004393092356622219, 0.0044262101873755455]
iter=510,err=0.004727
[[-0.5 -0.5 -0.5]
 [-0.5 -0.5  0.5]
 [-0.5  0.5 -0.5]
 [-0.5  0.5  0.5]
 [ 0.5 -0.5 -0.5]
 [ 0.5 -0.5  0.5]
 [ 0.5  0.5 -0.5]
 [ 0.5  0.5  0.5]]
[[0. 0. 0.]
 [0. 0. 1.]
 [0. 1. 0.]
 [0. 1. 1.]
 [1. 0. 0.]
 [1. 0. 1.]
 [1. 1. 0.]
 [1. 1. 1.]]
[[-0.1699694  -0.28750825 -0.9291273 ]
 [-0.06615611 -0.10766338  0.59963736]
 [-0.50913635  0.31518996 -0.67903465]
 [-0.99859199  0.24708769  0.0551653 ]
 [ 0.9358649  -0.9568216  -0.00631169]
 [ 0.62546365 -0.07325136  0.21489485]
 [ 0.53686802  0.9416167  -0.90230528]
 [ 0.28647254  0.78257439  0.22962873]]
[[0.50316845 0.66443734 0.11689094]
 [0.30913697 0.84937037 0.47291071]
 [0.99334398 0.00817214 0.95344423]
 [0.35771527 0.31792395 0.64629953]
 [0.30969481 0.85247779 0.95825703]
 [0.883801   0.93632691 0.88113996]
 [0.46686686 0.7374958  0.15242162]
 [0.93343639 0.81821352 0.31957704]]
tensor([[-0.4983, -0.4992, -0.5041],
        [-0.4980, -0.4982,  0.4988],
        [-0.4991,  0.5042, -0.4996],
        [-0.5018,  0.5013,  0.5019],
        [ 0.5015, -0.4972, -0.4952],
        [ 0.4999, -0.5014,  0.5038],
        [ 0.5021,  0.5033, -0.5019],
        [ 0.4927,  0.4921,  0.5039]], device='cuda:0', requires_grad=True)
tensor([[ 0.0061, -0.0012, -0.0127],
        [ 0.0086,  0.0134,  1.0243],
        [ 0.0234,  1.0231,  0.0408],
        [-0.0209,  0.9855,  0.9857],
        [ 1.0096,  0.0244,  0.0384],
        [ 0.9914, -0.0122,  0.9929],
        [ 0.9848,  0.9768, -0.0181],
        [ 0.9970,  0.9935,  0.9839]], device='cuda:0', requires_grad=True)
[0.004453479778021574, 0.0044981688261032104, 0.004545114003121853, 0.004599874839186668, 0.004696093499660492, 0.004747915547341108, 0.0048078447580337524, 0.004890313372015953, 0.0049930764362216, 0.00503896176815033]
iter=520,err=0.005091
[[-0.5 -0.5 -0.5]
 [-0.5 -0.5  0.5]
 [-0.5  0.5 -0.5]
 [-0.5  0.5  0.5]
 [ 0.5 -0.5 -0.5]
 [ 0.5 -0.5  0.5]
 [ 0.5  0.5 -0.5]
 [ 0.5  0.5  0.5]]
[[0. 0. 0.]
 [0. 0. 1.]
 [0. 1. 0.]
 [0. 1. 1.]
 [1. 0. 0.]
 [1. 0. 1.]
 [1. 1. 0.]
 [1. 1. 1.]]
[[-0.1699694  -0.28750825 -0.9291273 ]
 [-0.06615611 -0.10766338  0.59963736]
 [-0.50913635  0.31518996 -0.67903465]
 [-0.99859199  0.24708769  0.0551653 ]
 [ 0.9358649  -0.9568216  -0.00631169]
 [ 0.62546365 -0.07325136  0.21489485]
 [ 0.53686802  0.9416167  -0.90230528]
 [ 0.28647254  0.78257439  0.22962873]]
[[0.50316845 0.66443734 0.11689094]
 [0.30913697 0.84937037 0.47291071]
 [0.99334398 0.00817214 0.95344423]
 [0.35771527 0.31792395 0.64629953]
 [0.30969481 0.85247779 0.95825703]
 [0.883801   0.93632691 0.88113996]
 [0.46686686 0.7374958  0.15242162]
 [0.93343639 0.81821352 0.31957704]]
tensor([[-0.4982, -0.4967, -0.5035],
        [-0.4984, -0.4979,  0.4998],
        [-0.4976,  0.4999, -0.4983],
        [-0.5004,  0.5015,  0.5031],
        [ 0.5018, -0.4956, -0.4962],
        [ 0.5012, -0.5008,  0.5008],
        [ 0.5028,  0.5090, -0.5014],
        [ 0.4954,  0.4941,  0.5028]], device='cuda:0', requires_grad=True)
tensor([[ 0.0051, -0.0010, -0.0120],
        [ 0.0079,  0.0128,  1.0235],
        [ 0.0218,  1.0220,  0.0385],
        [-0.0194,  0.9861,  0.9866],
        [ 1.0096,  0.0226,  0.0334],
        [ 0.9924, -0.0118,  0.9934],
        [ 0.9869,  0.9801, -0.0156],
        [ 0.9971,  0.9940,  0.9875]], device='cuda:0', requires_grad=True)
[0.0050839027389883995, 0.005149590317159891, 0.005140594206750393, 0.005145158618688583, 0.005120088811963797, 0.005106039345264435, 0.005117555148899555, 0.005107178818434477, 0.0050129820592701435, 0.004922290798276663]
iter=530,err=0.004666
[[-0.5 -0.5 -0.5]
 [-0.5 -0.5  0.5]
 [-0.5  0.5 -0.5]
 [-0.5  0.5  0.5]
 [ 0.5 -0.5 -0.5]
 [ 0.5 -0.5  0.5]
 [ 0.5  0.5 -0.5]
 [ 0.5  0.5  0.5]]
[[0. 0. 0.]
 [0. 0. 1.]
 [0. 1. 0.]
 [0. 1. 1.]
 [1. 0. 0.]
 [1. 0. 1.]
 [1. 1. 0.]
 [1. 1. 1.]]
[[-0.1699694  -0.28750825 -0.9291273 ]
 [-0.06615611 -0.10766338  0.59963736]
 [-0.50913635  0.31518996 -0.67903465]
 [-0.99859199  0.24708769  0.0551653 ]
 [ 0.9358649  -0.9568216  -0.00631169]
 [ 0.62546365 -0.07325136  0.21489485]
 [ 0.53686802  0.9416167  -0.90230528]
 [ 0.28647254  0.78257439  0.22962873]]
[[0.50316845 0.66443734 0.11689094]
 [0.30913697 0.84937037 0.47291071]
 [0.99334398 0.00817214 0.95344423]
 [0.35771527 0.31792395 0.64629953]
 [0.30969481 0.85247779 0.95825703]
 [0.883801   0.93632691 0.88113996]
 [0.46686686 0.7374958  0.15242162]
 [0.93343639 0.81821352 0.31957704]]
tensor([[-0.4998, -0.4978, -0.5032],
        [-0.4993, -0.4984,  0.4997],
        [-0.4998,  0.4957, -0.4963],
        [-0.5004,  0.5016,  0.5012],
        [ 0.5019, -0.4963, -0.4969],
        [ 0.5015, -0.5009,  0.4983],
        [ 0.5015,  0.5083, -0.4987],
        [ 0.4960,  0.4947,  0.5012]], device='cuda:0', requires_grad=True)
tensor([[ 4.1804e-03, -3.9389e-04, -1.1240e-02],
        [ 7.5765e-03,  1.2235e-02,  1.0218e+00],
        [ 1.9989e-02,  1.0207e+00,  3.5519e-02],
        [-1.6706e-02,  9.8804e-01,  9.8835e-01],
        [ 1.0096e+00,  2.1569e-02,  2.9940e-02],
        [ 9.9286e-01, -1.1531e-02,  9.9300e-01],
        [ 9.8814e-01,  9.8256e-01, -1.4014e-02],
        [ 9.9716e-01,  9.9418e-01,  9.8947e-01]], device='cuda:0',
       requires_grad=True)
[0.0048422664403915405, 0.004792960360646248, 0.004753532819449902, 0.004714460112154484, 0.004667986650019884, 0.004619382321834564, 0.004597021732479334, 0.004579344764351845, 0.004555880092084408, 0.004532661288976669]
iter=540,err=0.004369
[[-0.5 -0.5 -0.5]
 [-0.5 -0.5  0.5]
 [-0.5  0.5 -0.5]
 [-0.5  0.5  0.5]
 [ 0.5 -0.5 -0.5]
 [ 0.5 -0.5  0.5]
 [ 0.5  0.5 -0.5]
 [ 0.5  0.5  0.5]]
[[0. 0. 0.]
 [0. 0. 1.]
 [0. 1. 0.]
 [0. 1. 1.]
 [1. 0. 0.]
 [1. 0. 1.]
 [1. 1. 0.]
 [1. 1. 1.]]
[[-0.1699694  -0.28750825 -0.9291273 ]
 [-0.06615611 -0.10766338  0.59963736]
 [-0.50913635  0.31518996 -0.67903465]
 [-0.99859199  0.24708769  0.0551653 ]
 [ 0.9358649  -0.9568216  -0.00631169]
 [ 0.62546365 -0.07325136  0.21489485]
 [ 0.53686802  0.9416167  -0.90230528]
 [ 0.28647254  0.78257439  0.22962873]]
[[0.50316845 0.66443734 0.11689094]
 [0.30913697 0.84937037 0.47291071]
 [0.99334398 0.00817214 0.95344423]
 [0.35771527 0.31792395 0.64629953]
 [0.30969481 0.85247779 0.95825703]
 [0.883801   0.93632691 0.88113996]
 [0.46686686 0.7374958  0.15242162]
 [0.93343639 0.81821352 0.31957704]]
tensor([[-0.5000, -0.4994, -0.5031],
        [-0.4994, -0.4987,  0.5000],
        [-0.5008,  0.4954, -0.4914],
        [-0.5001,  0.5017,  0.4997],
        [ 0.5022, -0.4975, -0.4979],
        [ 0.5016, -0.5010,  0.4985],
        [ 0.5008,  0.5057, -0.4979],
        [ 0.4955,  0.4951,  0.5022]], device='cuda:0', requires_grad=True)
tensor([[ 2.8462e-03,  3.7403e-05, -1.0615e-02],
        [ 6.7044e-03,  1.1473e-02,  1.0193e+00],
        [ 1.8071e-02,  1.0189e+00,  3.2399e-02],
        [-1.4412e-02,  9.8986e-01,  9.8955e-01],
        [ 1.0095e+00,  2.0778e-02,  2.7447e-02],
        [ 9.9342e-01, -1.1134e-02,  9.9236e-01],
        [ 9.8875e-01,  9.8440e-01, -1.2941e-02],
        [ 9.9716e-01,  9.9439e-01,  9.9030e-01]], device='cuda:0',
       requires_grad=True)
[0.004484528675675392, 0.0044337972067296505, 0.004386245273053646, 0.0043373629450798035, 0.0042805601842701435, 0.004220573231577873, 0.004306918941438198, 0.004385693464428186, 0.004430330358445644, 0.0044227950274944305]
iter=550,err=0.004388
[[-0.5 -0.5 -0.5]
 [-0.5 -0.5  0.5]
 [-0.5  0.5 -0.5]
 [-0.5  0.5  0.5]
 [ 0.5 -0.5 -0.5]
 [ 0.5 -0.5  0.5]
 [ 0.5  0.5 -0.5]
 [ 0.5  0.5  0.5]]
[[0. 0. 0.]
 [0. 0. 1.]
 [0. 1. 0.]
 [0. 1. 1.]
 [1. 0. 0.]
 [1. 0. 1.]
 [1. 1. 0.]
 [1. 1. 1.]]
[[-0.1699694  -0.28750825 -0.9291273 ]
 [-0.06615611 -0.10766338  0.59963736]
 [-0.50913635  0.31518996 -0.67903465]
 [-0.99859199  0.24708769  0.0551653 ]
 [ 0.9358649  -0.9568216  -0.00631169]
 [ 0.62546365 -0.07325136  0.21489485]
 [ 0.53686802  0.9416167  -0.90230528]
 [ 0.28647254  0.78257439  0.22962873]]
[[0.50316845 0.66443734 0.11689094]
 [0.30913697 0.84937037 0.47291071]
 [0.99334398 0.00817214 0.95344423]
 [0.35771527 0.31792395 0.64629953]
 [0.30969481 0.85247779 0.95825703]
 [0.883801   0.93632691 0.88113996]
 [0.46686686 0.7374958  0.15242162]
 [0.93343639 0.81821352 0.31957704]]
tensor([[-0.4997, -0.5000, -0.5033],
        [-0.5000, -0.4989,  0.5001],
        [-0.5011,  0.5007, -0.4879],
        [-0.5004,  0.5017,  0.4995],
        [ 0.5022, -0.5047, -0.4985],
        [ 0.5016, -0.5009,  0.4999],
        [ 0.5011,  0.5044, -0.4995],
        [ 0.4966,  0.4972,  0.5036]], device='cuda:0', requires_grad=True)
tensor([[ 1.6622e-03,  1.4780e-04, -9.7221e-03],
        [ 6.0220e-03,  1.0722e-02,  1.0170e+00],
        [ 1.6252e-02,  1.0173e+00,  2.9746e-02],
        [-1.2653e-02,  9.9104e-01,  9.9023e-01],
        [ 1.0086e+00,  1.9777e-02,  2.4732e-02],
        [ 9.9378e-01, -1.0882e-02,  9.9188e-01],
        [ 9.8946e-01,  9.8631e-01, -1.1757e-02],
        [ 9.9743e-01,  9.9463e-01,  9.9129e-01]], device='cuda:0',
       requires_grad=True)
[0.004428454674780369, 0.004432587884366512, 0.004410470835864544, 0.004314326215535402, 0.004290247336030006, 0.004325868096202612, 0.004358290694653988, 0.004395489580929279, 0.004436801187694073, 0.004483712837100029]
iter=560,err=0.004338
[[-0.5 -0.5 -0.5]
 [-0.5 -0.5  0.5]
 [-0.5  0.5 -0.5]
 [-0.5  0.5  0.5]
 [ 0.5 -0.5 -0.5]
 [ 0.5 -0.5  0.5]
 [ 0.5  0.5 -0.5]
 [ 0.5  0.5  0.5]]
[[0. 0. 0.]
 [0. 0. 1.]
 [0. 1. 0.]
 [0. 1. 1.]
 [1. 0. 0.]
 [1. 0. 1.]
 [1. 1. 0.]
 [1. 1. 1.]]
[[-0.1699694  -0.28750825 -0.9291273 ]
 [-0.06615611 -0.10766338  0.59963736]
 [-0.50913635  0.31518996 -0.67903465]
 [-0.99859199  0.24708769  0.0551653 ]
 [ 0.9358649  -0.9568216  -0.00631169]
 [ 0.62546365 -0.07325136  0.21489485]
 [ 0.53686802  0.9416167  -0.90230528]
 [ 0.28647254  0.78257439  0.22962873]]
[[0.50316845 0.66443734 0.11689094]
 [0.30913697 0.84937037 0.47291071]
 [0.99334398 0.00817214 0.95344423]
 [0.35771527 0.31792395 0.64629953]
 [0.30969481 0.85247779 0.95825703]
 [0.883801   0.93632691 0.88113996]
 [0.46686686 0.7374958  0.15242162]
 [0.93343639 0.81821352 0.31957704]]
tensor([[-0.4997, -0.4999, -0.5036],
        [-0.4997, -0.4987,  0.4999],
        [-0.5008,  0.5036, -0.4884],
        [-0.5008,  0.5012,  0.4991],
        [ 0.5009, -0.5069, -0.4939],
        [ 0.5003, -0.5004,  0.4997],
        [ 0.5015,  0.4998, -0.5000],
        [ 0.4976,  0.4995,  0.5029]], device='cuda:0', requires_grad=True)
tensor([[ 9.6406e-04,  1.1001e-04, -8.7204e-03],
        [ 5.5861e-03,  9.8926e-03,  1.0147e+00],
        [ 1.4461e-02,  1.0159e+00,  2.7851e-02],
        [-1.0502e-02,  9.9222e-01,  9.9157e-01],
        [ 1.0077e+00,  1.8810e-02,  2.2712e-02],
        [ 9.9415e-01, -1.0328e-02,  9.9180e-01],
        [ 9.8898e-01,  9.8654e-01, -1.0945e-02],
        [ 9.9752e-01,  9.9482e-01,  9.9258e-01]], device='cuda:0',
       requires_grad=True)
[0.004458845593035221, 0.0044238148257136345, 0.004385252948850393, 0.004356221295893192, 0.004336207173764706, 0.004329069517552853, 0.004298356361687183, 0.004274208098649979, 0.004261515103280544, 0.004255110397934914]
iter=570,err=0.004191
[[-0.5 -0.5 -0.5]
 [-0.5 -0.5  0.5]
 [-0.5  0.5 -0.5]
 [-0.5  0.5  0.5]
 [ 0.5 -0.5 -0.5]
 [ 0.5 -0.5  0.5]
 [ 0.5  0.5 -0.5]
 [ 0.5  0.5  0.5]]
[[0. 0. 0.]
 [0. 0. 1.]
 [0. 1. 0.]
 [0. 1. 1.]
 [1. 0. 0.]
 [1. 0. 1.]
 [1. 1. 0.]
 [1. 1. 1.]]
[[-0.1699694  -0.28750825 -0.9291273 ]
 [-0.06615611 -0.10766338  0.59963736]
 [-0.50913635  0.31518996 -0.67903465]
 [-0.99859199  0.24708769  0.0551653 ]
 [ 0.9358649  -0.9568216  -0.00631169]
 [ 0.62546365 -0.07325136  0.21489485]
 [ 0.53686802  0.9416167  -0.90230528]
 [ 0.28647254  0.78257439  0.22962873]]
[[0.50316845 0.66443734 0.11689094]
 [0.30913697 0.84937037 0.47291071]
 [0.99334398 0.00817214 0.95344423]
 [0.35771527 0.31792395 0.64629953]
 [0.30969481 0.85247779 0.95825703]
 [0.883801   0.93632691 0.88113996]
 [0.46686686 0.7374958  0.15242162]
 [0.93343639 0.81821352 0.31957704]]
tensor([[-0.4997, -0.4996, -0.5038],
        [-0.4993, -0.4988,  0.5000],
        [-0.5004,  0.5025, -0.4912],
        [-0.5006,  0.4985,  0.4989],
        [ 0.4967, -0.5036, -0.4910],
        [ 0.4983, -0.4996,  0.5012],
        [ 0.5017,  0.4986, -0.5014],
        [ 0.4984,  0.5002,  0.5021]], device='cuda:0', requires_grad=True)
tensor([[ 5.9175e-04,  2.9094e-05, -7.9867e-03],
        [ 4.9252e-03,  9.2667e-03,  1.0129e+00],
        [ 1.3066e-02,  1.0149e+00,  2.6283e-02],
        [-8.9138e-03,  9.9274e-01,  9.9243e-01],
        [ 1.0065e+00,  1.7651e-02,  2.0937e-02],
        [ 9.9303e-01, -9.6730e-03,  9.9043e-01],
        [ 9.8925e-01,  9.8704e-01, -1.0087e-02],
        [ 9.9764e-01,  9.9504e-01,  9.9362e-01]], device='cuda:0',
       requires_grad=True)
[0.004220424219965935, 0.004194092005491257, 0.0041620321571826935, 0.004128161817789078, 0.0041343895718455315, 0.004163308534771204, 0.004199538379907608, 0.004225100390613079, 0.0042373258620500565, 0.004242513328790665]
iter=580,err=0.004058
[[-0.5 -0.5 -0.5]
 [-0.5 -0.5  0.5]
 [-0.5  0.5 -0.5]
 [-0.5  0.5  0.5]
 [ 0.5 -0.5 -0.5]
 [ 0.5 -0.5  0.5]
 [ 0.5  0.5 -0.5]
 [ 0.5  0.5  0.5]]
[[0. 0. 0.]
 [0. 0. 1.]
 [0. 1. 0.]
 [0. 1. 1.]
 [1. 0. 0.]
 [1. 0. 1.]
 [1. 1. 0.]
 [1. 1. 1.]]
[[-0.1699694  -0.28750825 -0.9291273 ]
 [-0.06615611 -0.10766338  0.59963736]
 [-0.50913635  0.31518996 -0.67903465]
 [-0.99859199  0.24708769  0.0551653 ]
 [ 0.9358649  -0.9568216  -0.00631169]
 [ 0.62546365 -0.07325136  0.21489485]
 [ 0.53686802  0.9416167  -0.90230528]
 [ 0.28647254  0.78257439  0.22962873]]
[[0.50316845 0.66443734 0.11689094]
 [0.30913697 0.84937037 0.47291071]
 [0.99334398 0.00817214 0.95344423]
 [0.35771527 0.31792395 0.64629953]
 [0.30969481 0.85247779 0.95825703]
 [0.883801   0.93632691 0.88113996]
 [0.46686686 0.7374958  0.15242162]
 [0.93343639 0.81821352 0.31957704]]
tensor([[-0.4999, -0.4993, -0.5034],
        [-0.4993, -0.4989,  0.4998],
        [-0.5000,  0.5011, -0.4939],
        [-0.5011,  0.4988,  0.4997],
        [ 0.4980, -0.5003, -0.4898],
        [ 0.4990, -0.5000,  0.5012],
        [ 0.5023,  0.4989, -0.5033],
        [ 0.5008,  0.5008,  0.5016]], device='cuda:0', requires_grad=True)
tensor([[ 4.1789e-04, -1.1145e-04, -7.2523e-03],
        [ 4.3480e-03,  8.6607e-03,  1.0115e+00],
        [ 1.2161e-02,  1.0142e+00,  2.4676e-02],
        [-7.6884e-03,  9.9336e-01,  9.9329e-01],
        [ 1.0059e+00,  1.6240e-02,  1.9898e-02],
        [ 9.9285e-01, -9.0004e-03,  9.9162e-01],
        [ 9.9012e-01,  9.8773e-01, -9.2726e-03],
        [ 9.9696e-01,  9.9443e-01,  9.9372e-01]], device='cuda:0',
       requires_grad=True)
[0.004244542680680752, 0.0042275795713067055, 0.004208547994494438, 0.00417379941791296, 0.004111088812351227, 0.004045367240905762, 0.003984168171882629, 0.00390574149787426, 0.0038284731563180685, 0.003851402085274458]
iter=590,err=0.003821
[[-0.5 -0.5 -0.5]
 [-0.5 -0.5  0.5]
 [-0.5  0.5 -0.5]
 [-0.5  0.5  0.5]
 [ 0.5 -0.5 -0.5]
 [ 0.5 -0.5  0.5]
 [ 0.5  0.5 -0.5]
 [ 0.5  0.5  0.5]]
[[0. 0. 0.]
 [0. 0. 1.]
 [0. 1. 0.]
 [0. 1. 1.]
 [1. 0. 0.]
 [1. 0. 1.]
 [1. 1. 0.]
 [1. 1. 1.]]
[[-0.1699694  -0.28750825 -0.9291273 ]
 [-0.06615611 -0.10766338  0.59963736]
 [-0.50913635  0.31518996 -0.67903465]
 [-0.99859199  0.24708769  0.0551653 ]
 [ 0.9358649  -0.9568216  -0.00631169]
 [ 0.62546365 -0.07325136  0.21489485]
 [ 0.53686802  0.9416167  -0.90230528]
 [ 0.28647254  0.78257439  0.22962873]]
[[0.50316845 0.66443734 0.11689094]
 [0.30913697 0.84937037 0.47291071]
 [0.99334398 0.00817214 0.95344423]
 [0.35771527 0.31792395 0.64629953]
 [0.30969481 0.85247779 0.95825703]
 [0.883801   0.93632691 0.88113996]
 [0.46686686 0.7374958  0.15242162]
 [0.93343639 0.81821352 0.31957704]]
tensor([[-0.5004, -0.4995, -0.5035],
        [-0.4993, -0.4989,  0.4998],
        [-0.4989,  0.5018, -0.4934],
        [-0.5014,  0.5003,  0.5002],
        [ 0.5006, -0.4999, -0.4929],
        [ 0.5004, -0.5022,  0.5001],
        [ 0.5023,  0.4988, -0.5048],
        [ 0.5012,  0.5008,  0.5000]], device='cuda:0', requires_grad=True)
tensor([[ 5.1434e-04, -2.8347e-04, -6.7546e-03],
        [ 3.8752e-03,  8.1069e-03,  1.0102e+00],
        [ 1.1214e-02,  1.0132e+00,  2.2614e-02],
        [-6.6423e-03,  9.9392e-01,  9.9390e-01],
        [ 1.0061e+00,  1.5333e-02,  1.9231e-02],
        [ 9.8874e-01, -8.4527e-03,  9.8669e-01],
        [ 9.9133e-01,  9.8849e-01, -8.7278e-03],
        [ 9.9673e-01,  9.9412e-01,  9.9367e-01]], device='cuda:0',
       requires_grad=True)
[0.003846663748845458, 0.0038373745046555996, 0.0038395433221012354, 0.003862519981339574, 0.0038887416012585163, 0.003868263680487871, 0.003850555047392845, 0.003796643577516079, 0.003743415465578437, 0.003675456391647458]
iter=600,err=0.003225
[[-0.5 -0.5 -0.5]
 [-0.5 -0.5  0.5]
 [-0.5  0.5 -0.5]
 [-0.5  0.5  0.5]
 [ 0.5 -0.5 -0.5]
 [ 0.5 -0.5  0.5]
 [ 0.5  0.5 -0.5]
 [ 0.5  0.5  0.5]]
[[0. 0. 0.]
 [0. 0. 1.]
 [0. 1. 0.]
 [0. 1. 1.]
 [1. 0. 0.]
 [1. 0. 1.]
 [1. 1. 0.]
 [1. 1. 1.]]
[[-0.1699694  -0.28750825 -0.9291273 ]
 [-0.06615611 -0.10766338  0.59963736]
 [-0.50913635  0.31518996 -0.67903465]
 [-0.99859199  0.24708769  0.0551653 ]
 [ 0.9358649  -0.9568216  -0.00631169]
 [ 0.62546365 -0.07325136  0.21489485]
 [ 0.53686802  0.9416167  -0.90230528]
 [ 0.28647254  0.78257439  0.22962873]]
[[0.50316845 0.66443734 0.11689094]
 [0.30913697 0.84937037 0.47291071]
 [0.99334398 0.00817214 0.95344423]
 [0.35771527 0.31792395 0.64629953]
 [0.30969481 0.85247779 0.95825703]
 [0.883801   0.93632691 0.88113996]
 [0.46686686 0.7374958  0.15242162]
 [0.93343639 0.81821352 0.31957704]]
tensor([[-0.5006, -0.4998, -0.5034],
        [-0.4999, -0.4990,  0.5005],
        [-0.4996,  0.4997, -0.4971],
        [-0.5010,  0.5002,  0.5002],
        [ 0.5011, -0.5032, -0.4956],
        [ 0.5006, -0.5023,  0.4993],
        [ 0.5018,  0.4989, -0.5049],
        [ 0.5005,  0.5001,  0.4990]], device='cuda:0', requires_grad=True)
tensor([[ 6.3169e-04, -4.3152e-04, -6.3017e-03],
        [ 3.9746e-03,  7.7575e-03,  1.0075e+00],
        [ 1.0518e-02,  1.0127e+00,  2.0925e-02],
        [-5.6068e-03,  9.9452e-01,  9.9424e-01],
        [ 1.0067e+00,  1.4328e-02,  1.8197e-02],
        [ 9.8757e-01, -7.9312e-03,  9.8520e-01],
        [ 9.9151e-01,  9.8860e-01, -8.5091e-03],
        [ 9.9718e-01,  9.9438e-01,  9.9396e-01]], device='cuda:0',
       requires_grad=True)
[0.0035860934294760227, 0.003502128878608346, 0.003420403692871332, 0.003330600680783391, 0.0032394067384302616, 0.003162326291203499, 0.0030987700447440147, 0.0030423777643591166, 0.0029649091884493828, 0.0028988798148930073]
iter=610,err=0.002471
[[-0.5 -0.5 -0.5]
 [-0.5 -0.5  0.5]
 [-0.5  0.5 -0.5]
 [-0.5  0.5  0.5]
 [ 0.5 -0.5 -0.5]
 [ 0.5 -0.5  0.5]
 [ 0.5  0.5 -0.5]
 [ 0.5  0.5  0.5]]
[[0. 0. 0.]
 [0. 0. 1.]
 [0. 1. 0.]
 [0. 1. 1.]
 [1. 0. 0.]
 [1. 0. 1.]
 [1. 1. 0.]
 [1. 1. 1.]]
[[-0.1699694  -0.28750825 -0.9291273 ]
 [-0.06615611 -0.10766338  0.59963736]
 [-0.50913635  0.31518996 -0.67903465]
 [-0.99859199  0.24708769  0.0551653 ]
 [ 0.9358649  -0.9568216  -0.00631169]
 [ 0.62546365 -0.07325136  0.21489485]
 [ 0.53686802  0.9416167  -0.90230528]
 [ 0.28647254  0.78257439  0.22962873]]
[[0.50316845 0.66443734 0.11689094]
 [0.30913697 0.84937037 0.47291071]
 [0.99334398 0.00817214 0.95344423]
 [0.35771527 0.31792395 0.64629953]
 [0.30969481 0.85247779 0.95825703]
 [0.883801   0.93632691 0.88113996]
 [0.46686686 0.7374958  0.15242162]
 [0.93343639 0.81821352 0.31957704]]
tensor([[-0.5002, -0.4994, -0.5029],
        [-0.5014, -0.4995,  0.5009],
        [-0.4992,  0.4992, -0.4984],
        [-0.5004,  0.5003,  0.5004],
        [ 0.4998, -0.5033, -0.5014],
        [ 0.5002, -0.5017,  0.4994],
        [ 0.5007,  0.4990, -0.5031],
        [ 0.4999,  0.4999,  0.4996]], device='cuda:0', requires_grad=True)
tensor([[ 6.0782e-04, -5.8419e-04, -5.4230e-03],
        [ 4.0734e-03,  7.4759e-03,  1.0056e+00],
        [ 9.8377e-03,  1.0121e+00,  1.9189e-02],
        [-4.9061e-03,  9.9492e-01,  9.9446e-01],
        [ 1.0066e+00,  1.3140e-02,  1.6880e-02],
        [ 9.8884e-01, -7.4636e-03,  9.8795e-01],
        [ 9.9163e-01,  9.8858e-01, -8.4306e-03],
        [ 9.9773e-01,  9.9482e-01,  9.9428e-01]], device='cuda:0',
       requires_grad=True)
[0.0028375056572258472, 0.002768309786915779, 0.0026992084458470345, 0.00263226474635303, 0.002555401995778084, 0.002477552741765976, 0.002404839964583516, 0.002201151568442583, 0.002081882441416383, 0.002052619121968746]
iter=620,err=0.002399
[[-0.5 -0.5 -0.5]
 [-0.5 -0.5  0.5]
 [-0.5  0.5 -0.5]
 [-0.5  0.5  0.5]
 [ 0.5 -0.5 -0.5]
 [ 0.5 -0.5  0.5]
 [ 0.5  0.5 -0.5]
 [ 0.5  0.5  0.5]]
[[0. 0. 0.]
 [0. 0. 1.]
 [0. 1. 0.]
 [0. 1. 1.]
 [1. 0. 0.]
 [1. 0. 1.]
 [1. 1. 0.]
 [1. 1. 1.]]
[[-0.1699694  -0.28750825 -0.9291273 ]
 [-0.06615611 -0.10766338  0.59963736]
 [-0.50913635  0.31518996 -0.67903465]
 [-0.99859199  0.24708769  0.0551653 ]
 [ 0.9358649  -0.9568216  -0.00631169]
 [ 0.62546365 -0.07325136  0.21489485]
 [ 0.53686802  0.9416167  -0.90230528]
 [ 0.28647254  0.78257439  0.22962873]]
[[0.50316845 0.66443734 0.11689094]
 [0.30913697 0.84937037 0.47291071]
 [0.99334398 0.00817214 0.95344423]
 [0.35771527 0.31792395 0.64629953]
 [0.30969481 0.85247779 0.95825703]
 [0.883801   0.93632691 0.88113996]
 [0.46686686 0.7374958  0.15242162]
 [0.93343639 0.81821352 0.31957704]]
tensor([[-0.5013, -0.4989, -0.5016],
        [-0.5020, -0.4994,  0.5007],
        [-0.4985,  0.4997, -0.4975],
        [-0.4997,  0.5003,  0.5004],
        [ 0.4983, -0.5013, -0.5080],
        [ 0.5000, -0.5009,  0.5000],
        [ 0.5003,  0.4996, -0.5016],
        [ 0.5003,  0.5002,  0.5011]], device='cuda:0', requires_grad=True)
tensor([[ 4.3350e-04, -6.8324e-04, -4.6438e-03],
        [ 3.8638e-03,  7.1160e-03,  1.0042e+00],
        [ 9.1663e-03,  1.0112e+00,  1.7352e-02],
        [-4.5129e-03,  9.9529e-01,  9.9467e-01],
        [ 1.0064e+00,  1.2072e-02,  1.5183e-02],
        [ 9.9091e-01, -6.9829e-03,  9.9102e-01],
        [ 9.9217e-01,  9.8897e-01, -8.4028e-03],
        [ 9.9832e-01,  9.9542e-01,  9.9465e-01]], device='cuda:0',
       requires_grad=True)
[0.002115177921950817, 0.002194720786064863, 0.0022967159748077393, 0.0023866319097578526, 0.0024503017775714397, 0.0024913796223700047, 0.0025058062747120857, 0.002519266214221716, 0.0025165630504488945, 0.0025093229487538338]
iter=630,err=0.002709
[[-0.5 -0.5 -0.5]
 [-0.5 -0.5  0.5]
 [-0.5  0.5 -0.5]
 [-0.5  0.5  0.5]
 [ 0.5 -0.5 -0.5]
 [ 0.5 -0.5  0.5]
 [ 0.5  0.5 -0.5]
 [ 0.5  0.5  0.5]]
[[0. 0. 0.]
 [0. 0. 1.]
 [0. 1. 0.]
 [0. 1. 1.]
 [1. 0. 0.]
 [1. 0. 1.]
 [1. 1. 0.]
 [1. 1. 1.]]
[[-0.1699694  -0.28750825 -0.9291273 ]
 [-0.06615611 -0.10766338  0.59963736]
 [-0.50913635  0.31518996 -0.67903465]
 [-0.99859199  0.24708769  0.0551653 ]
 [ 0.9358649  -0.9568216  -0.00631169]
 [ 0.62546365 -0.07325136  0.21489485]
 [ 0.53686802  0.9416167  -0.90230528]
 [ 0.28647254  0.78257439  0.22962873]]
[[0.50316845 0.66443734 0.11689094]
 [0.30913697 0.84937037 0.47291071]
 [0.99334398 0.00817214 0.95344423]
 [0.35771527 0.31792395 0.64629953]
 [0.30969481 0.85247779 0.95825703]
 [0.883801   0.93632691 0.88113996]
 [0.46686686 0.7374958  0.15242162]
 [0.93343639 0.81821352 0.31957704]]
tensor([[-0.5013, -0.4981, -0.4994],
        [-0.5008, -0.4990,  0.5004],
        [-0.4985,  0.5008, -0.4974],
        [-0.4996,  0.5001,  0.4998],
        [ 0.4970, -0.5039, -0.5050],
        [ 0.5020, -0.4996,  0.5050],
        [ 0.5000,  0.5005, -0.5004],
        [ 0.5003,  0.5001,  0.5008]], device='cuda:0', requires_grad=True)
tensor([[-2.3488e-04, -8.7375e-04, -4.5406e-03],
        [ 3.5166e-03,  6.9495e-03,  1.0034e+00],
        [ 8.4327e-03,  1.0101e+00,  1.5437e-02],
        [-4.2293e-03,  9.9554e-01,  9.9478e-01],
        [ 1.0063e+00,  1.0941e-02,  1.2927e-02],
        [ 9.9325e-01, -6.6605e-03,  9.9355e-01],
        [ 9.9269e-01,  9.8978e-01, -8.0109e-03],
        [ 9.9864e-01,  9.9597e-01,  9.9493e-01]], device='cuda:0',
       requires_grad=True)
[0.0024808342568576336, 0.002552511403337121, 0.0026485431008040905, 0.0027344482950866222, 0.00278646731749177, 0.0028147841803729534, 0.002836592961102724, 0.0028607917483896017, 0.00273950956761837, 0.0026387348771095276]
iter=640,err=0.002369
[[-0.5 -0.5 -0.5]
 [-0.5 -0.5  0.5]
 [-0.5  0.5 -0.5]
 [-0.5  0.5  0.5]
 [ 0.5 -0.5 -0.5]
 [ 0.5 -0.5  0.5]
 [ 0.5  0.5 -0.5]
 [ 0.5  0.5  0.5]]
[[0. 0. 0.]
 [0. 0. 1.]
 [0. 1. 0.]
 [0. 1. 1.]
 [1. 0. 0.]
 [1. 0. 1.]
 [1. 1. 0.]
 [1. 1. 1.]]
[[-0.1699694  -0.28750825 -0.9291273 ]
 [-0.06615611 -0.10766338  0.59963736]
 [-0.50913635  0.31518996 -0.67903465]
 [-0.99859199  0.24708769  0.0551653 ]
 [ 0.9358649  -0.9568216  -0.00631169]
 [ 0.62546365 -0.07325136  0.21489485]
 [ 0.53686802  0.9416167  -0.90230528]
 [ 0.28647254  0.78257439  0.22962873]]
[[0.50316845 0.66443734 0.11689094]
 [0.30913697 0.84937037 0.47291071]
 [0.99334398 0.00817214 0.95344423]
 [0.35771527 0.31792395 0.64629953]
 [0.30969481 0.85247779 0.95825703]
 [0.883801   0.93632691 0.88113996]
 [0.46686686 0.7374958  0.15242162]
 [0.93343639 0.81821352 0.31957704]]
tensor([[-0.5017, -0.4974, -0.4978],
        [-0.5002, -0.4988,  0.4999],
        [-0.4992,  0.5005, -0.4981],
        [-0.4999,  0.5001,  0.4997],
        [ 0.4960, -0.5025, -0.4981],
        [ 0.5011, -0.4978,  0.5037],
        [ 0.4999,  0.5006, -0.5001],
        [ 0.4998,  0.4999,  0.4993]], device='cuda:0', requires_grad=True)
tensor([[-7.3882e-04, -8.3416e-04, -3.9359e-03],
        [ 3.1736e-03,  6.7832e-03,  1.0032e+00],
        [ 7.9483e-03,  1.0090e+00,  1.4134e-02],
        [-3.9226e-03,  9.9581e-01,  9.9539e-01],
        [ 1.0054e+00,  9.8379e-03,  1.0930e-02],
        [ 9.9431e-01, -6.2462e-03,  9.9549e-01],
        [ 9.9334e-01,  9.9081e-01, -7.2012e-03],
        [ 9.9889e-01,  9.9658e-01,  9.9574e-01]], device='cuda:0',
       requires_grad=True)
[0.002532831858843565, 0.0024530217051506042, 0.002383212558925152, 0.0023500369861721992, 0.002342852298170328, 0.0023549210745841265, 0.002347413217648864, 0.002338961698114872, 0.002310470212250948, 0.0022795514669269323]
iter=650,err=0.002051
[[-0.5 -0.5 -0.5]
 [-0.5 -0.5  0.5]
 [-0.5  0.5 -0.5]
 [-0.5  0.5  0.5]
 [ 0.5 -0.5 -0.5]
 [ 0.5 -0.5  0.5]
 [ 0.5  0.5 -0.5]
 [ 0.5  0.5  0.5]]
[[0. 0. 0.]
 [0. 0. 1.]
 [0. 1. 0.]
 [0. 1. 1.]
 [1. 0. 0.]
 [1. 0. 1.]
 [1. 1. 0.]
 [1. 1. 1.]]
[[-0.1699694  -0.28750825 -0.9291273 ]
 [-0.06615611 -0.10766338  0.59963736]
 [-0.50913635  0.31518996 -0.67903465]
 [-0.99859199  0.24708769  0.0551653 ]
 [ 0.9358649  -0.9568216  -0.00631169]
 [ 0.62546365 -0.07325136  0.21489485]
 [ 0.53686802  0.9416167  -0.90230528]
 [ 0.28647254  0.78257439  0.22962873]]
[[0.50316845 0.66443734 0.11689094]
 [0.30913697 0.84937037 0.47291071]
 [0.99334398 0.00817214 0.95344423]
 [0.35771527 0.31792395 0.64629953]
 [0.30969481 0.85247779 0.95825703]
 [0.883801   0.93632691 0.88113996]
 [0.46686686 0.7374958  0.15242162]
 [0.93343639 0.81821352 0.31957704]]
tensor([[-0.5010, -0.4983, -0.4978],
        [-0.4998, -0.4994,  0.4996],
        [-0.4995,  0.4996, -0.4986],
        [-0.5002,  0.5003,  0.5004],
        [ 0.4979, -0.5020, -0.4970],
        [ 0.5008, -0.4997,  0.5022],
        [ 0.5010,  0.5005, -0.5010],
        [ 0.4999,  0.5001,  0.4989]], device='cuda:0', requires_grad=True)
tensor([[-1.1588e-03, -6.4719e-04, -2.6309e-03],
        [ 2.9495e-03,  6.6169e-03,  1.0035e+00],
        [ 7.5509e-03,  1.0086e+00,  1.3167e-02],
        [-3.6625e-03,  9.9614e-01,  9.9610e-01],
        [ 1.0051e+00,  9.0238e-03,  9.9129e-03],
        [ 9.9576e-01, -5.5489e-03,  9.9889e-01],
        [ 9.9396e-01,  9.9179e-01, -6.4580e-03],
        [ 9.9916e-01,  9.9711e-01,  9.9660e-01]], device='cuda:0',
       requires_grad=True)
[0.0022426224313676357, 0.0022056198213249445, 0.0021620639599859715, 0.0021195965819060802, 0.0020781049970537424, 0.002025932539254427, 0.001980828121304512, 0.0019364290637895465, 0.0019005151698365808, 0.0018552253022789955]
iter=660,err=0.001575
[[-0.5 -0.5 -0.5]
 [-0.5 -0.5  0.5]
 [-0.5  0.5 -0.5]
 [-0.5  0.5  0.5]
 [ 0.5 -0.5 -0.5]
 [ 0.5 -0.5  0.5]
 [ 0.5  0.5 -0.5]
 [ 0.5  0.5  0.5]]
[[0. 0. 0.]
 [0. 0. 1.]
 [0. 1. 0.]
 [0. 1. 1.]
 [1. 0. 0.]
 [1. 0. 1.]
 [1. 1. 0.]
 [1. 1. 1.]]
[[-0.1699694  -0.28750825 -0.9291273 ]
 [-0.06615611 -0.10766338  0.59963736]
 [-0.50913635  0.31518996 -0.67903465]
 [-0.99859199  0.24708769  0.0551653 ]
 [ 0.9358649  -0.9568216  -0.00631169]
 [ 0.62546365 -0.07325136  0.21489485]
 [ 0.53686802  0.9416167  -0.90230528]
 [ 0.28647254  0.78257439  0.22962873]]
[[0.50316845 0.66443734 0.11689094]
 [0.30913697 0.84937037 0.47291071]
 [0.99334398 0.00817214 0.95344423]
 [0.35771527 0.31792395 0.64629953]
 [0.30969481 0.85247779 0.95825703]
 [0.883801   0.93632691 0.88113996]
 [0.46686686 0.7374958  0.15242162]
 [0.93343639 0.81821352 0.31957704]]
tensor([[-0.5008, -0.4995, -0.4987],
        [-0.4997, -0.5000,  0.4995],
        [-0.4995,  0.4994, -0.4988],
        [-0.5002,  0.5003,  0.5007],
        [ 0.4996, -0.5015, -0.4978],
        [ 0.5002, -0.5006,  0.5006],
        [ 0.5010,  0.4999, -0.5018],
        [ 0.5013,  0.5003,  0.5006]], device='cuda:0', requires_grad=True)
tensor([[-1.1000e-03, -3.9923e-04, -1.7600e-03],
        [ 2.9311e-03,  6.4163e-03,  1.0037e+00],
        [ 7.0954e-03,  1.0081e+00,  1.2018e-02],
        [-3.4909e-03,  9.9633e-01,  9.9645e-01],
        [ 1.0048e+00,  8.1580e-03,  8.8149e-03],
        [ 9.9676e-01, -5.0535e-03,  1.0004e+00],
        [ 9.9478e-01,  9.9280e-01, -5.8090e-03],
        [ 9.9855e-01,  9.9693e-01,  9.9620e-01]], device='cuda:0',
       requires_grad=True)
[0.0017979873809963465, 0.0017403855454176664, 0.0016848858213052154, 0.0016331751830875874, 0.0015777740627527237, 0.0015275201294571161, 0.001479155384004116, 0.0014426794368773699, 0.0014354181475937366, 0.0014294810825958848]
iter=670,err=0.001387
[[-0.5 -0.5 -0.5]
 [-0.5 -0.5  0.5]
 [-0.5  0.5 -0.5]
 [-0.5  0.5  0.5]
 [ 0.5 -0.5 -0.5]
 [ 0.5 -0.5  0.5]
 [ 0.5  0.5 -0.5]
 [ 0.5  0.5  0.5]]
[[0. 0. 0.]
 [0. 0. 1.]
 [0. 1. 0.]
 [0. 1. 1.]
 [1. 0. 0.]
 [1. 0. 1.]
 [1. 1. 0.]
 [1. 1. 1.]]
[[-0.1699694  -0.28750825 -0.9291273 ]
 [-0.06615611 -0.10766338  0.59963736]
 [-0.50913635  0.31518996 -0.67903465]
 [-0.99859199  0.24708769  0.0551653 ]
 [ 0.9358649  -0.9568216  -0.00631169]
 [ 0.62546365 -0.07325136  0.21489485]
 [ 0.53686802  0.9416167  -0.90230528]
 [ 0.28647254  0.78257439  0.22962873]]
[[0.50316845 0.66443734 0.11689094]
 [0.30913697 0.84937037 0.47291071]
 [0.99334398 0.00817214 0.95344423]
 [0.35771527 0.31792395 0.64629953]
 [0.30969481 0.85247779 0.95825703]
 [0.883801   0.93632691 0.88113996]
 [0.46686686 0.7374958  0.15242162]
 [0.93343639 0.81821352 0.31957704]]
tensor([[-0.5008, -0.5001, -0.4994],
        [-0.4997, -0.5000,  0.4993],
        [-0.4995,  0.4999, -0.4988],
        [-0.5003,  0.4999,  0.5004],
        [ 0.5002, -0.5009, -0.4983],
        [ 0.4993, -0.5005,  0.4991],
        [ 0.5000,  0.4994, -0.5017],
        [ 0.5016,  0.5000,  0.5016]], device='cuda:0', requires_grad=True)
tensor([[-9.5679e-04, -3.2275e-04, -1.4167e-03],
        [ 2.9702e-03,  6.1083e-03,  1.0036e+00],
        [ 6.7064e-03,  1.0077e+00,  1.1046e-02],
        [-3.2153e-03,  9.9646e-01,  9.9679e-01],
        [ 1.0046e+00,  7.4284e-03,  7.8228e-03],
        [ 9.9728e-01, -4.6616e-03,  1.0002e+00],
        [ 9.9534e-01,  9.9341e-01, -5.3817e-03],
        [ 9.9872e-01,  9.9719e-01,  9.9658e-01]], device='cuda:0',
       requires_grad=True)
[0.0014168992638587952, 0.0014078209642320871, 0.0014034025371074677, 0.0013924736995249987, 0.0013895434094592929, 0.0013881081249564886, 0.001385627081617713, 0.0013744710013270378, 0.0013628756860271096, 0.0013501235516741872]
iter=680,err=0.001178
[[-0.5 -0.5 -0.5]
 [-0.5 -0.5  0.5]
 [-0.5  0.5 -0.5]
 [-0.5  0.5  0.5]
 [ 0.5 -0.5 -0.5]
 [ 0.5 -0.5  0.5]
 [ 0.5  0.5 -0.5]
 [ 0.5  0.5  0.5]]
[[0. 0. 0.]
 [0. 0. 1.]
 [0. 1. 0.]
 [0. 1. 1.]
 [1. 0. 0.]
 [1. 0. 1.]
 [1. 1. 0.]
 [1. 1. 1.]]
[[-0.1699694  -0.28750825 -0.9291273 ]
 [-0.06615611 -0.10766338  0.59963736]
 [-0.50913635  0.31518996 -0.67903465]
 [-0.99859199  0.24708769  0.0551653 ]
 [ 0.9358649  -0.9568216  -0.00631169]
 [ 0.62546365 -0.07325136  0.21489485]
 [ 0.53686802  0.9416167  -0.90230528]
 [ 0.28647254  0.78257439  0.22962873]]
[[0.50316845 0.66443734 0.11689094]
 [0.30913697 0.84937037 0.47291071]
 [0.99334398 0.00817214 0.95344423]
 [0.35771527 0.31792395 0.64629953]
 [0.30969481 0.85247779 0.95825703]
 [0.883801   0.93632691 0.88113996]
 [0.46686686 0.7374958  0.15242162]
 [0.93343639 0.81821352 0.31957704]]
tensor([[-0.5007, -0.5002, -0.4997],
        [-0.4998, -0.4999,  0.4995],
        [-0.4994,  0.5002, -0.4986],
        [-0.5004,  0.4997,  0.4998],
        [ 0.5002, -0.5002, -0.4986],
        [ 0.4988, -0.5006,  0.4991],
        [ 0.4994,  0.4997, -0.5008],
        [ 0.5005,  0.4997,  0.5002]], device='cuda:0', requires_grad=True)
tensor([[-9.1533e-04, -3.4444e-04, -1.3555e-03],
        [ 2.9289e-03,  5.7559e-03,  1.0036e+00],
        [ 6.3324e-03,  1.0072e+00,  1.0186e-02],
        [-2.9275e-03,  9.9657e-01,  9.9711e-01],
        [ 1.0043e+00,  6.8092e-03,  6.9897e-03],
        [ 9.9770e-01, -4.3418e-03,  9.9978e-01],
        [ 9.9578e-01,  9.9387e-01, -4.9186e-03],
        [ 9.9894e-01,  9.9735e-01,  9.9708e-01]], device='cuda:0',
       requires_grad=True)
[0.0013257621321827173, 0.0012894521933048964, 0.0012614098377525806, 0.0012359676184132695, 0.0012064352631568909, 0.0011733403662219644, 0.0011318534379824996, 0.0010867377277463675, 0.0010499244090169668, 0.0010159502271562815]
iter=690,err=0.000875
[[-0.5 -0.5 -0.5]
 [-0.5 -0.5  0.5]
 [-0.5  0.5 -0.5]
 [-0.5  0.5  0.5]
 [ 0.5 -0.5 -0.5]
 [ 0.5 -0.5  0.5]
 [ 0.5  0.5 -0.5]
 [ 0.5  0.5  0.5]]
[[0. 0. 0.]
 [0. 0. 1.]
 [0. 1. 0.]
 [0. 1. 1.]
 [1. 0. 0.]
 [1. 0. 1.]
 [1. 1. 0.]
 [1. 1. 1.]]
[[-0.1699694  -0.28750825 -0.9291273 ]
 [-0.06615611 -0.10766338  0.59963736]
 [-0.50913635  0.31518996 -0.67903465]
 [-0.99859199  0.24708769  0.0551653 ]
 [ 0.9358649  -0.9568216  -0.00631169]
 [ 0.62546365 -0.07325136  0.21489485]
 [ 0.53686802  0.9416167  -0.90230528]
 [ 0.28647254  0.78257439  0.22962873]]
[[0.50316845 0.66443734 0.11689094]
 [0.30913697 0.84937037 0.47291071]
 [0.99334398 0.00817214 0.95344423]
 [0.35771527 0.31792395 0.64629953]
 [0.30969481 0.85247779 0.95825703]
 [0.883801   0.93632691 0.88113996]
 [0.46686686 0.7374958  0.15242162]
 [0.93343639 0.81821352 0.31957704]]
tensor([[-0.5006, -0.5001, -0.5000],
        [-0.4998, -0.4997,  0.4997],
        [-0.4993,  0.5005, -0.4986],
        [-0.5004,  0.5003,  0.4999],
        [ 0.5004, -0.4997, -0.4989],
        [ 0.4995, -0.5006,  0.5003],
        [ 0.4999,  0.5001, -0.5007],
        [ 0.5004,  0.5000,  0.4997]], device='cuda:0', requires_grad=True)
tensor([[-9.4548e-04, -4.2420e-04, -1.4443e-03],
        [ 2.6479e-03,  5.3444e-03,  1.0034e+00],
        [ 5.9732e-03,  1.0068e+00,  9.4391e-03],
        [-2.6725e-03,  9.9677e-01,  9.9738e-01],
        [ 1.0040e+00,  6.2157e-03,  6.1358e-03],
        [ 9.9805e-01, -4.0164e-03,  9.9955e-01],
        [ 9.9616e-01,  9.9433e-01, -4.5306e-03],
        [ 9.9913e-01,  9.9756e-01,  9.9750e-01]], device='cuda:0',
       requires_grad=True)
[0.000982325291261077, 0.0009518642909824848, 0.0009222406661137938, 0.0008940128609538078, 0.0008681472390890121, 0.0008483558194711804, 0.0008340021595358849, 0.0008236109279096127, 0.0008170685614459217, 0.0008126921020448208]
iter=700,err=0.001072
[[-0.5 -0.5 -0.5]
 [-0.5 -0.5  0.5]
 [-0.5  0.5 -0.5]
 [-0.5  0.5  0.5]
 [ 0.5 -0.5 -0.5]
 [ 0.5 -0.5  0.5]
 [ 0.5  0.5 -0.5]
 [ 0.5  0.5  0.5]]
[[0. 0. 0.]
 [0. 0. 1.]
 [0. 1. 0.]
 [0. 1. 1.]
 [1. 0. 0.]
 [1. 0. 1.]
 [1. 1. 0.]
 [1. 1. 1.]]
[[-0.1699694  -0.28750825 -0.9291273 ]
 [-0.06615611 -0.10766338  0.59963736]
 [-0.50913635  0.31518996 -0.67903465]
 [-0.99859199  0.24708769  0.0551653 ]
 [ 0.9358649  -0.9568216  -0.00631169]
 [ 0.62546365 -0.07325136  0.21489485]
 [ 0.53686802  0.9416167  -0.90230528]
 [ 0.28647254  0.78257439  0.22962873]]
[[0.50316845 0.66443734 0.11689094]
 [0.30913697 0.84937037 0.47291071]
 [0.99334398 0.00817214 0.95344423]
 [0.35771527 0.31792395 0.64629953]
 [0.30969481 0.85247779 0.95825703]
 [0.883801   0.93632691 0.88113996]
 [0.46686686 0.7374958  0.15242162]
 [0.93343639 0.81821352 0.31957704]]
tensor([[-0.5005, -0.5001, -0.5001],
        [-0.4997, -0.4994,  0.4998],
        [-0.4992,  0.5009, -0.4986],
        [-0.5003,  0.4998,  0.4997],
        [ 0.5004, -0.4995, -0.4991],
        [ 0.5002, -0.5004,  0.5009],
        [ 0.5002,  0.5002, -0.5006],
        [ 0.5007,  0.4976,  0.4969]], device='cuda:0', requires_grad=True)
tensor([[-9.4386e-04, -4.5488e-04, -1.5098e-03],
        [ 2.2827e-03,  4.9409e-03,  1.0031e+00],
        [ 5.6108e-03,  1.0063e+00,  8.7556e-03],
        [-2.4835e-03,  9.9707e-01,  9.9769e-01],
        [ 1.0038e+00,  5.7388e-03,  5.3883e-03],
        [ 9.9824e-01, -3.6168e-03,  9.9930e-01],
        [ 9.9647e-01,  9.9480e-01, -4.1753e-03],
        [ 9.9890e-01,  9.9735e-01,  9.9740e-01]], device='cuda:0',
       requires_grad=True)
[0.0008105938322842121, 0.0008111525094136596, 0.0008808417478576303, 0.0009741284302435815, 0.001072006649337709, 0.0011534530203789473, 0.0012262437958270311, 0.0012548175873234868, 0.0012627406977117062, 0.0012699931394308805]
iter=710,err=0.001289
[[-0.5 -0.5 -0.5]
 [-0.5 -0.5  0.5]
 [-0.5  0.5 -0.5]
 [-0.5  0.5  0.5]
 [ 0.5 -0.5 -0.5]
 [ 0.5 -0.5  0.5]
 [ 0.5  0.5 -0.5]
 [ 0.5  0.5  0.5]]
[[0. 0. 0.]
 [0. 0. 1.]
 [0. 1. 0.]
 [0. 1. 1.]
 [1. 0. 0.]
 [1. 0. 1.]
 [1. 1. 0.]
 [1. 1. 1.]]
[[-0.1699694  -0.28750825 -0.9291273 ]
 [-0.06615611 -0.10766338  0.59963736]
 [-0.50913635  0.31518996 -0.67903465]
 [-0.99859199  0.24708769  0.0551653 ]
 [ 0.9358649  -0.9568216  -0.00631169]
 [ 0.62546365 -0.07325136  0.21489485]
 [ 0.53686802  0.9416167  -0.90230528]
 [ 0.28647254  0.78257439  0.22962873]]
[[0.50316845 0.66443734 0.11689094]
 [0.30913697 0.84937037 0.47291071]
 [0.99334398 0.00817214 0.95344423]
 [0.35771527 0.31792395 0.64629953]
 [0.30969481 0.85247779 0.95825703]
 [0.883801   0.93632691 0.88113996]
 [0.46686686 0.7374958  0.15242162]
 [0.93343639 0.81821352 0.31957704]]
tensor([[-0.5001, -0.5001, -0.5002],
        [-0.4997, -0.4993,  0.4999],
        [-0.4989,  0.5005, -0.4986],
        [-0.4987,  0.5015,  0.5017],
        [ 0.5000, -0.4995, -0.4992],
        [ 0.5000, -0.5000,  0.5007],
        [ 0.5002,  0.5002, -0.5004],
        [ 0.5007,  0.4979,  0.4980]], device='cuda:0', requires_grad=True)
tensor([[-8.6043e-04, -4.5700e-04, -1.4530e-03],
        [ 2.0634e-03,  4.5462e-03,  1.0030e+00],
        [ 5.2721e-03,  1.0059e+00,  8.0714e-03],
        [-2.2622e-03,  9.9754e-01,  9.9822e-01],
        [ 1.0035e+00,  5.3588e-03,  4.6328e-03],
        [ 9.9847e-01, -3.1977e-03,  9.9917e-01],
        [ 9.9674e-01,  9.9521e-01, -3.8759e-03],
        [ 9.9902e-01,  9.9752e-01,  9.9761e-01]], device='cuda:0',
       requires_grad=True)
[0.0012726769782602787, 0.0012724584667012095, 0.0012810776242986321, 0.0012834067456424236, 0.0012892883969470859, 0.0012808868195861578, 0.001285535516217351, 0.001294388435781002, 0.0013102467637509108, 0.001322687603533268]
iter=720,err=0.001287
[[-0.5 -0.5 -0.5]
 [-0.5 -0.5  0.5]
 [-0.5  0.5 -0.5]
 [-0.5  0.5  0.5]
 [ 0.5 -0.5 -0.5]
 [ 0.5 -0.5  0.5]
 [ 0.5  0.5 -0.5]
 [ 0.5  0.5  0.5]]
[[0. 0. 0.]
 [0. 0. 1.]
 [0. 1. 0.]
 [0. 1. 1.]
 [1. 0. 0.]
 [1. 0. 1.]
 [1. 1. 0.]
 [1. 1. 1.]]
[[-0.1699694  -0.28750825 -0.9291273 ]
 [-0.06615611 -0.10766338  0.59963736]
 [-0.50913635  0.31518996 -0.67903465]
 [-0.99859199  0.24708769  0.0551653 ]
 [ 0.9358649  -0.9568216  -0.00631169]
 [ 0.62546365 -0.07325136  0.21489485]
 [ 0.53686802  0.9416167  -0.90230528]
 [ 0.28647254  0.78257439  0.22962873]]
[[0.50316845 0.66443734 0.11689094]
 [0.30913697 0.84937037 0.47291071]
 [0.99334398 0.00817214 0.95344423]
 [0.35771527 0.31792395 0.64629953]
 [0.30969481 0.85247779 0.95825703]
 [0.883801   0.93632691 0.88113996]
 [0.46686686 0.7374958  0.15242162]
 [0.93343639 0.81821352 0.31957704]]
tensor([[-0.5002, -0.5002, -0.5004],
        [-0.4997, -0.4989,  0.5000],
        [-0.4992,  0.4999, -0.4989],
        [-0.4977,  0.5015,  0.5020],
        [ 0.4998, -0.4996, -0.4994],
        [ 0.4999, -0.4998,  0.5004],
        [ 0.5002,  0.5002, -0.5004],
        [ 0.5007,  0.4989,  0.4998]], device='cuda:0', requires_grad=True)
tensor([[-7.8043e-04, -4.4200e-04, -1.2807e-03],
        [ 1.6935e-03,  4.2066e-03,  1.0029e+00],
        [ 5.0096e-03,  1.0056e+00,  7.4390e-03],
        [-1.9701e-03,  9.9777e-01,  9.9864e-01],
        [ 1.0034e+00,  5.0101e-03,  4.0706e-03],
        [ 9.9853e-01, -2.9538e-03,  9.9921e-01],
        [ 9.9708e-01,  9.9565e-01, -3.5084e-03],
        [ 9.9931e-01,  9.9774e-01,  9.9787e-01]], device='cuda:0',
       requires_grad=True)
[0.0013232375495135784, 0.0013214978389441967, 0.0013266855385154486, 0.0013184729032218456, 0.00130963115952909, 0.0013012560084462166, 0.00129275256767869, 0.0012663620291277766, 0.0012238924391567707, 0.0011833172757178545]
iter=730,err=0.000991
[[-0.5 -0.5 -0.5]
 [-0.5 -0.5  0.5]
 [-0.5  0.5 -0.5]
 [-0.5  0.5  0.5]
 [ 0.5 -0.5 -0.5]
 [ 0.5 -0.5  0.5]
 [ 0.5  0.5 -0.5]
 [ 0.5  0.5  0.5]]
[[0. 0. 0.]
 [0. 0. 1.]
 [0. 1. 0.]
 [0. 1. 1.]
 [1. 0. 0.]
 [1. 0. 1.]
 [1. 1. 0.]
 [1. 1. 1.]]
[[-0.1699694  -0.28750825 -0.9291273 ]
 [-0.06615611 -0.10766338  0.59963736]
 [-0.50913635  0.31518996 -0.67903465]
 [-0.99859199  0.24708769  0.0551653 ]
 [ 0.9358649  -0.9568216  -0.00631169]
 [ 0.62546365 -0.07325136  0.21489485]
 [ 0.53686802  0.9416167  -0.90230528]
 [ 0.28647254  0.78257439  0.22962873]]
[[0.50316845 0.66443734 0.11689094]
 [0.30913697 0.84937037 0.47291071]
 [0.99334398 0.00817214 0.95344423]
 [0.35771527 0.31792395 0.64629953]
 [0.30969481 0.85247779 0.95825703]
 [0.883801   0.93632691 0.88113996]
 [0.46686686 0.7374958  0.15242162]
 [0.93343639 0.81821352 0.31957704]]
tensor([[-0.5006, -0.5000, -0.5005],
        [-0.5001, -0.4990,  0.5000],
        [-0.5001,  0.5001, -0.4992],
        [-0.4985,  0.5006,  0.5014],
        [ 0.4999, -0.4997, -0.4996],
        [ 0.4998, -0.5000,  0.5000],
        [ 0.5001,  0.5002, -0.5004],
        [ 0.5006,  0.4994,  0.5003]], device='cuda:0', requires_grad=True)
tensor([[-8.7014e-04, -4.8012e-04, -1.1692e-03],
        [ 1.5498e-03,  3.9304e-03,  1.0028e+00],
        [ 4.7969e-03,  1.0053e+00,  6.9315e-03],
        [-1.7815e-03,  9.9778e-01,  9.9870e-01],
        [ 1.0031e+00,  4.5547e-03,  3.4868e-03],
        [ 9.9862e-01, -2.7214e-03,  9.9918e-01],
        [ 9.9736e-01,  9.9609e-01, -3.1002e-03],
        [ 9.9942e-01,  9.9785e-01,  9.9798e-01]], device='cuda:0',
       requires_grad=True)
[0.00114660884719342, 0.0011101281270384789, 0.0010743729071691632, 0.001037066918797791, 0.0010009227553382516, 0.0009692157618701458, 0.0009336824296042323, 0.0009025522158481181, 0.0008761748322285712, 0.0008550896309316158]
iter=740,err=0.000725
[[-0.5 -0.5 -0.5]
 [-0.5 -0.5  0.5]
 [-0.5  0.5 -0.5]
 [-0.5  0.5  0.5]
 [ 0.5 -0.5 -0.5]
 [ 0.5 -0.5  0.5]
 [ 0.5  0.5 -0.5]
 [ 0.5  0.5  0.5]]
[[0. 0. 0.]
 [0. 0. 1.]
 [0. 1. 0.]
 [0. 1. 1.]
 [1. 0. 0.]
 [1. 0. 1.]
 [1. 1. 0.]
 [1. 1. 1.]]
[[-0.1699694  -0.28750825 -0.9291273 ]
 [-0.06615611 -0.10766338  0.59963736]
 [-0.50913635  0.31518996 -0.67903465]
 [-0.99859199  0.24708769  0.0551653 ]
 [ 0.9358649  -0.9568216  -0.00631169]
 [ 0.62546365 -0.07325136  0.21489485]
 [ 0.53686802  0.9416167  -0.90230528]
 [ 0.28647254  0.78257439  0.22962873]]
[[0.50316845 0.66443734 0.11689094]
 [0.30913697 0.84937037 0.47291071]
 [0.99334398 0.00817214 0.95344423]
 [0.35771527 0.31792395 0.64629953]
 [0.30969481 0.85247779 0.95825703]
 [0.883801   0.93632691 0.88113996]
 [0.46686686 0.7374958  0.15242162]
 [0.93343639 0.81821352 0.31957704]]
tensor([[-0.5010, -0.5000, -0.5003],
        [-0.5002, -0.4993,  0.4999],
        [-0.5005,  0.4999, -0.4996],
        [-0.4996,  0.4997,  0.5001],
        [ 0.5000, -0.4997, -0.4996],
        [ 0.4999, -0.5003,  0.4999],
        [ 0.5000,  0.5000, -0.5004],
        [ 0.5007,  0.4997,  0.5005]], device='cuda:0', requires_grad=True)
tensor([[-8.9762e-04, -5.0516e-04, -1.1764e-03],
        [ 1.4478e-03,  3.7056e-03,  1.0027e+00],
        [ 4.4803e-03,  1.0050e+00,  6.3943e-03],
        [-1.6001e-03,  9.9774e-01,  9.9875e-01],
        [ 1.0029e+00,  4.2400e-03,  3.1309e-03],
        [ 9.9851e-01, -2.6361e-03,  9.9894e-01],
        [ 9.9761e-01,  9.9653e-01, -2.6429e-03],
        [ 9.9874e-01,  9.9739e-01,  9.9728e-01]], device='cuda:0',
       requires_grad=True)
[0.0008337607723660767, 0.0008118893019855022, 0.000793531013187021, 0.0007620993419550359, 0.0007316621486097574, 0.0007056262111291289, 0.0006799557013437152, 0.0006600205670110881, 0.0006433837115764618, 0.0006259010406211019]
iter=750,err=0.000570
[[-0.5 -0.5 -0.5]
 [-0.5 -0.5  0.5]
 [-0.5  0.5 -0.5]
 [-0.5  0.5  0.5]
 [ 0.5 -0.5 -0.5]
 [ 0.5 -0.5  0.5]
 [ 0.5  0.5 -0.5]
 [ 0.5  0.5  0.5]]
[[0. 0. 0.]
 [0. 0. 1.]
 [0. 1. 0.]
 [0. 1. 1.]
 [1. 0. 0.]
 [1. 0. 1.]
 [1. 1. 0.]
 [1. 1. 1.]]
[[-0.1699694  -0.28750825 -0.9291273 ]
 [-0.06615611 -0.10766338  0.59963736]
 [-0.50913635  0.31518996 -0.67903465]
 [-0.99859199  0.24708769  0.0551653 ]
 [ 0.9358649  -0.9568216  -0.00631169]
 [ 0.62546365 -0.07325136  0.21489485]
 [ 0.53686802  0.9416167  -0.90230528]
 [ 0.28647254  0.78257439  0.22962873]]
[[0.50316845 0.66443734 0.11689094]
 [0.30913697 0.84937037 0.47291071]
 [0.99334398 0.00817214 0.95344423]
 [0.35771527 0.31792395 0.64629953]
 [0.30969481 0.85247779 0.95825703]
 [0.883801   0.93632691 0.88113996]
 [0.46686686 0.7374958  0.15242162]
 [0.93343639 0.81821352 0.31957704]]
tensor([[-0.5005, -0.4998, -0.4999],
        [-0.5002, -0.4995,  0.4999],
        [-0.5002,  0.4998, -0.4997],
        [-0.5000,  0.4995,  0.4996],
        [ 0.5001, -0.4996, -0.4995],
        [ 0.4998, -0.5005,  0.4999],
        [ 0.5000,  0.5000, -0.5003],
        [ 0.5004,  0.4999,  0.5005]], device='cuda:0', requires_grad=True)
tensor([[-9.5629e-04, -5.6635e-04, -1.0962e-03],
        [ 1.3831e-03,  3.5315e-03,  1.0025e+00],
        [ 4.2549e-03,  1.0046e+00,  5.9838e-03],
        [-1.4823e-03,  9.9774e-01,  9.9884e-01],
        [ 1.0026e+00,  3.8447e-03,  2.7633e-03],
        [ 9.9848e-01, -2.4610e-03,  9.9895e-01],
        [ 9.9775e-01,  9.9686e-01, -2.2674e-03],
        [ 9.9825e-01,  9.9716e-01,  9.9691e-01]], device='cuda:0',
       requires_grad=True)
[0.0006120368489064276, 0.0006016998668201268, 0.0005962250288575888, 0.0005855502677150071, 0.0005761185893788934, 0.0005666859215125442, 0.0005582057638093829, 0.0005469066090881824, 0.0005370515282265842, 0.0005205798661336303]
iter=760,err=0.000462
[[-0.5 -0.5 -0.5]
 [-0.5 -0.5  0.5]
 [-0.5  0.5 -0.5]
 [-0.5  0.5  0.5]
 [ 0.5 -0.5 -0.5]
 [ 0.5 -0.5  0.5]
 [ 0.5  0.5 -0.5]
 [ 0.5  0.5  0.5]]
[[0. 0. 0.]
 [0. 0. 1.]
 [0. 1. 0.]
 [0. 1. 1.]
 [1. 0. 0.]
 [1. 0. 1.]
 [1. 1. 0.]
 [1. 1. 1.]]
[[-0.1699694  -0.28750825 -0.9291273 ]
 [-0.06615611 -0.10766338  0.59963736]
 [-0.50913635  0.31518996 -0.67903465]
 [-0.99859199  0.24708769  0.0551653 ]
 [ 0.9358649  -0.9568216  -0.00631169]
 [ 0.62546365 -0.07325136  0.21489485]
 [ 0.53686802  0.9416167  -0.90230528]
 [ 0.28647254  0.78257439  0.22962873]]
[[0.50316845 0.66443734 0.11689094]
 [0.30913697 0.84937037 0.47291071]
 [0.99334398 0.00817214 0.95344423]
 [0.35771527 0.31792395 0.64629953]
 [0.30969481 0.85247779 0.95825703]
 [0.883801   0.93632691 0.88113996]
 [0.46686686 0.7374958  0.15242162]
 [0.93343639 0.81821352 0.31957704]]
tensor([[-0.5000, -0.4997, -0.4997],
        [-0.5001, -0.4996,  0.5000],
        [-0.4997,  0.5000, -0.4997],
        [-0.5003,  0.4998,  0.4997],
        [ 0.5002, -0.4995, -0.4995],
        [ 0.4999, -0.5005,  0.4999],
        [ 0.5000,  0.5000, -0.5002],
        [ 0.5002,  0.5000,  0.5004]], device='cuda:0', requires_grad=True)
tensor([[-9.4774e-04, -5.9264e-04, -9.9455e-04],
        [ 1.3413e-03,  3.3423e-03,  1.0024e+00],
        [ 4.0097e-03,  1.0043e+00,  5.5880e-03],
        [-1.3288e-03,  9.9794e-01,  9.9896e-01],
        [ 1.0024e+00,  3.5618e-03,  2.5314e-03],
        [ 9.9872e-01, -2.2474e-03,  9.9922e-01],
        [ 9.9788e-01,  9.9713e-01, -1.9889e-03],
        [ 9.9828e-01,  9.9734e-01,  9.9717e-01]], device='cuda:0',
       requires_grad=True)
[0.0005051232874393463, 0.0004904901143163443, 0.0004774328845087439, 0.00046751199988648295, 0.00045888524618931115, 0.00045250271796248853, 0.000448081293143332, 0.00044583698036149144, 0.00044093243195675313, 0.00043708179146051407]
iter=770,err=0.000437
[[-0.5 -0.5 -0.5]
 [-0.5 -0.5  0.5]
 [-0.5  0.5 -0.5]
 [-0.5  0.5  0.5]
 [ 0.5 -0.5 -0.5]
 [ 0.5 -0.5  0.5]
 [ 0.5  0.5 -0.5]
 [ 0.5  0.5  0.5]]
[[0. 0. 0.]
 [0. 0. 1.]
 [0. 1. 0.]
 [0. 1. 1.]
 [1. 0. 0.]
 [1. 0. 1.]
 [1. 1. 0.]
 [1. 1. 1.]]
[[-0.1699694  -0.28750825 -0.9291273 ]
 [-0.06615611 -0.10766338  0.59963736]
 [-0.50913635  0.31518996 -0.67903465]
 [-0.99859199  0.24708769  0.0551653 ]
 [ 0.9358649  -0.9568216  -0.00631169]
 [ 0.62546365 -0.07325136  0.21489485]
 [ 0.53686802  0.9416167  -0.90230528]
 [ 0.28647254  0.78257439  0.22962873]]
[[0.50316845 0.66443734 0.11689094]
 [0.30913697 0.84937037 0.47291071]
 [0.99334398 0.00817214 0.95344423]
 [0.35771527 0.31792395 0.64629953]
 [0.30969481 0.85247779 0.95825703]
 [0.883801   0.93632691 0.88113996]
 [0.46686686 0.7374958  0.15242162]
 [0.93343639 0.81821352 0.31957704]]
tensor([[-0.4998, -0.4999, -0.4998],
        [-0.4999, -0.4997,  0.4999],
        [-0.4994,  0.5002, -0.4995],
        [-0.5003,  0.5001,  0.5000],
        [ 0.5001, -0.4995, -0.4995],
        [ 0.4999, -0.5004,  0.4999],
        [ 0.5000,  0.5000, -0.5003],
        [ 0.5001,  0.5001,  0.5003]], device='cuda:0', requires_grad=True)
tensor([[-8.7624e-04, -5.7600e-04, -9.7671e-04],
        [ 1.3253e-03,  3.1656e-03,  1.0023e+00],
        [ 3.6903e-03,  1.0040e+00,  5.0487e-03],
        [-1.1668e-03,  9.9822e-01,  9.9897e-01],
        [ 1.0023e+00,  3.4068e-03,  2.3944e-03],
        [ 9.9891e-01, -2.1017e-03,  9.9940e-01],
        [ 9.9800e-01,  9.9733e-01, -1.8374e-03],
        [ 9.9842e-01,  9.9760e-01,  9.9749e-01]], device='cuda:0',
       requires_grad=True)
[0.0004341948661021888, 0.000432638538768515, 0.00043253268813714385, 0.0004338680882938206, 0.00043676618952304125, 0.00043880296288989484, 0.0004405278596095741, 0.000441446783952415, 0.00043842257582582533, 0.0004362068139016628]
iter=780,err=0.000415
[[-0.5 -0.5 -0.5]
 [-0.5 -0.5  0.5]
 [-0.5  0.5 -0.5]
 [-0.5  0.5  0.5]
 [ 0.5 -0.5 -0.5]
 [ 0.5 -0.5  0.5]
 [ 0.5  0.5 -0.5]
 [ 0.5  0.5  0.5]]
[[0. 0. 0.]
 [0. 0. 1.]
 [0. 1. 0.]
 [0. 1. 1.]
 [1. 0. 0.]
 [1. 0. 1.]
 [1. 1. 0.]
 [1. 1. 1.]]
[[-0.1699694  -0.28750825 -0.9291273 ]
 [-0.06615611 -0.10766338  0.59963736]
 [-0.50913635  0.31518996 -0.67903465]
 [-0.99859199  0.24708769  0.0551653 ]
 [ 0.9358649  -0.9568216  -0.00631169]
 [ 0.62546365 -0.07325136  0.21489485]
 [ 0.53686802  0.9416167  -0.90230528]
 [ 0.28647254  0.78257439  0.22962873]]
[[0.50316845 0.66443734 0.11689094]
 [0.30913697 0.84937037 0.47291071]
 [0.99334398 0.00817214 0.95344423]
 [0.35771527 0.31792395 0.64629953]
 [0.30969481 0.85247779 0.95825703]
 [0.883801   0.93632691 0.88113996]
 [0.46686686 0.7374958  0.15242162]
 [0.93343639 0.81821352 0.31957704]]
tensor([[-0.4999, -0.5002, -0.4999],
        [-0.4998, -0.4998,  0.4999],
        [-0.4993,  0.5002, -0.4994],
        [-0.5003,  0.5001,  0.5000],
        [ 0.5001, -0.4996, -0.4997],
        [ 0.4999, -0.5003,  0.4999],
        [ 0.5000,  0.5000, -0.5003],
        [ 0.5001,  0.5001,  0.5002]], device='cuda:0', requires_grad=True)
tensor([[-7.5197e-04, -5.5468e-04, -9.5332e-04],
        [ 1.3063e-03,  3.0209e-03,  1.0022e+00],
        [ 3.4051e-03,  1.0037e+00,  4.5362e-03],
        [-1.0654e-03,  9.9839e-01,  9.9896e-01],
        [ 1.0023e+00,  3.2961e-03,  2.3120e-03],
        [ 9.9912e-01, -1.9316e-03,  9.9959e-01],
        [ 9.9819e-01,  9.9756e-01, -1.6595e-03],
        [ 9.9862e-01,  9.9793e-01,  9.9791e-01]], device='cuda:0',
       requires_grad=True)
[0.00043382839066907763, 0.0004293568490538746, 0.0004248896148055792, 0.00042002202826552093, 0.00041632543434388936, 0.00041183014400303364, 0.00040871743112802505, 0.00040518533205613494, 0.00040313281351700425, 0.00039780494989827275]
iter=790,err=0.000387
[[-0.5 -0.5 -0.5]
 [-0.5 -0.5  0.5]
 [-0.5  0.5 -0.5]
 [-0.5  0.5  0.5]
 [ 0.5 -0.5 -0.5]
 [ 0.5 -0.5  0.5]
 [ 0.5  0.5 -0.5]
 [ 0.5  0.5  0.5]]
[[0. 0. 0.]
 [0. 0. 1.]
 [0. 1. 0.]
 [0. 1. 1.]
 [1. 0. 0.]
 [1. 0. 1.]
 [1. 1. 0.]
 [1. 1. 1.]]
[[-0.1699694  -0.28750825 -0.9291273 ]
 [-0.06615611 -0.10766338  0.59963736]
 [-0.50913635  0.31518996 -0.67903465]
 [-0.99859199  0.24708769  0.0551653 ]
 [ 0.9358649  -0.9568216  -0.00631169]
 [ 0.62546365 -0.07325136  0.21489485]
 [ 0.53686802  0.9416167  -0.90230528]
 [ 0.28647254  0.78257439  0.22962873]]
[[0.50316845 0.66443734 0.11689094]
 [0.30913697 0.84937037 0.47291071]
 [0.99334398 0.00817214 0.95344423]
 [0.35771527 0.31792395 0.64629953]
 [0.30969481 0.85247779 0.95825703]
 [0.883801   0.93632691 0.88113996]
 [0.46686686 0.7374958  0.15242162]
 [0.93343639 0.81821352 0.31957704]]
tensor([[-0.5000, -0.5005, -0.4997],
        [-0.4998, -0.4997,  0.4998],
        [-0.4994,  0.5001, -0.4993],
        [-0.5002,  0.5000,  0.5000],
        [ 0.5001, -0.4992, -0.4997],
        [ 0.4999, -0.5003,  0.4999],
        [ 0.5001,  0.5000, -0.5001],
        [ 0.5000,  0.5000,  0.5002]], device='cuda:0', requires_grad=True)
tensor([[-7.3062e-04, -4.1716e-04, -8.4410e-04],
        [ 1.3130e-03,  2.8671e-03,  1.0022e+00],
        [ 3.0956e-03,  1.0034e+00,  4.0148e-03],
        [-9.7871e-04,  9.9853e-01,  9.9897e-01],
        [ 1.0022e+00,  3.1700e-03,  2.1928e-03],
        [ 9.9926e-01, -1.8178e-03,  9.9976e-01],
        [ 9.9829e-01,  9.9787e-01, -1.5316e-03],
        [ 9.9878e-01,  9.9814e-01,  9.9814e-01]], device='cuda:0',
       requires_grad=True)
[0.00039361167000606656, 0.0003890794760081917, 0.0003839463461190462, 0.0003803078434430063, 0.00037927075754851103, 0.00037827459163963795, 0.00037700534448958933, 0.0003757563536055386, 0.00037499022437259555, 0.00043795944657176733]
iter=800,err=0.000666
[[-0.5 -0.5 -0.5]
 [-0.5 -0.5  0.5]
 [-0.5  0.5 -0.5]
 [-0.5  0.5  0.5]
 [ 0.5 -0.5 -0.5]
 [ 0.5 -0.5  0.5]
 [ 0.5  0.5 -0.5]
 [ 0.5  0.5  0.5]]
[[0. 0. 0.]
 [0. 0. 1.]
 [0. 1. 0.]
 [0. 1. 1.]
 [1. 0. 0.]
 [1. 0. 1.]
 [1. 1. 0.]
 [1. 1. 1.]]
[[-0.1699694  -0.28750825 -0.9291273 ]
 [-0.06615611 -0.10766338  0.59963736]
 [-0.50913635  0.31518996 -0.67903465]
 [-0.99859199  0.24708769  0.0551653 ]
 [ 0.9358649  -0.9568216  -0.00631169]
 [ 0.62546365 -0.07325136  0.21489485]
 [ 0.53686802  0.9416167  -0.90230528]
 [ 0.28647254  0.78257439  0.22962873]]
[[0.50316845 0.66443734 0.11689094]
 [0.30913697 0.84937037 0.47291071]
 [0.99334398 0.00817214 0.95344423]
 [0.35771527 0.31792395 0.64629953]
 [0.30969481 0.85247779 0.95825703]
 [0.883801   0.93632691 0.88113996]
 [0.46686686 0.7374958  0.15242162]
 [0.93343639 0.81821352 0.31957704]]
tensor([[-0.5002, -0.5009, -0.4997],
        [-0.4999, -0.4997,  0.4999],
        [-0.4996,  0.5001, -0.4995],
        [-0.5002,  0.5000,  0.5000],
        [ 0.5003, -0.4967, -0.4991],
        [ 0.5000, -0.5003,  0.5000],
        [ 0.5001,  0.5000, -0.5001],
        [ 0.5000,  0.5000,  0.5002]], device='cuda:0', requires_grad=True)
tensor([[-6.0646e-04, -3.8862e-04, -7.4295e-04],
        [ 1.2660e-03,  2.6949e-03,  1.0022e+00],
        [ 2.8593e-03,  1.0032e+00,  3.6450e-03],
        [-8.9188e-04,  9.9864e-01,  9.9905e-01],
        [ 1.0020e+00,  3.0351e-03,  2.0573e-03],
        [ 9.9942e-01, -1.7214e-03,  9.9985e-01],
        [ 9.9839e-01,  9.9811e-01, -1.4000e-03],
        [ 9.9893e-01,  9.9835e-01,  9.9837e-01]], device='cuda:0',
       requires_grad=True)
[0.0004956104094162583, 0.0005468582967296243, 0.0005918923416174948, 0.0006327262963168323, 0.0006699637742713094, 0.0007021345663815737, 0.00072832265868783, 0.0007498498889617622, 0.000766842276789248, 0.0007807089714333415]
iter=810,err=0.000776
[[-0.5 -0.5 -0.5]
 [-0.5 -0.5  0.5]
 [-0.5  0.5 -0.5]
 [-0.5  0.5  0.5]
 [ 0.5 -0.5 -0.5]
 [ 0.5 -0.5  0.5]
 [ 0.5  0.5 -0.5]
 [ 0.5  0.5  0.5]]
[[0. 0. 0.]
 [0. 0. 1.]
 [0. 1. 0.]
 [0. 1. 1.]
 [1. 0. 0.]
 [1. 0. 1.]
 [1. 1. 0.]
 [1. 1. 1.]]
[[-0.1699694  -0.28750825 -0.9291273 ]
 [-0.06615611 -0.10766338  0.59963736]
 [-0.50913635  0.31518996 -0.67903465]
 [-0.99859199  0.24708769  0.0551653 ]
 [ 0.9358649  -0.9568216  -0.00631169]
 [ 0.62546365 -0.07325136  0.21489485]
 [ 0.53686802  0.9416167  -0.90230528]
 [ 0.28647254  0.78257439  0.22962873]]
[[0.50316845 0.66443734 0.11689094]
 [0.30913697 0.84937037 0.47291071]
 [0.99334398 0.00817214 0.95344423]
 [0.35771527 0.31792395 0.64629953]
 [0.30969481 0.85247779 0.95825703]
 [0.883801   0.93632691 0.88113996]
 [0.46686686 0.7374958  0.15242162]
 [0.93343639 0.81821352 0.31957704]]
tensor([[-0.5003, -0.5009, -0.4999],
        [-0.4998, -0.4996,  0.4999],
        [-0.4997,  0.5001, -0.4998],
        [-0.5001,  0.5000,  0.5000],
        [ 0.5006, -0.4971, -0.4998],
        [ 0.5002, -0.5005,  0.4998],
        [ 0.5001,  0.5001, -0.5003],
        [ 0.5000,  0.5000,  0.5001]], device='cuda:0', requires_grad=True)
tensor([[-4.4457e-04, -4.3493e-04, -6.9395e-04],
        [ 1.1230e-03,  2.4312e-03,  1.0020e+00],
        [ 2.6415e-03,  1.0029e+00,  3.3335e-03],
        [-8.1128e-04,  9.9869e-01,  9.9911e-01],
        [ 1.0021e+00,  3.0352e-03,  2.0557e-03],
        [ 9.9972e-01, -1.6126e-03,  9.9995e-01],
        [ 9.9851e-01,  9.9829e-01, -1.2902e-03],
        [ 9.9906e-01,  9.9857e-01,  9.9857e-01]], device='cuda:0',
       requires_grad=True)
[0.0007887528045102954, 0.0007932931184768677, 0.0007954583270475268, 0.0007961511146277189, 0.0007937951013445854, 0.0007821136387065053, 0.0007687805918976665, 0.000756423978600651, 0.000745376106351614, 0.0007361959433183074]
iter=820,err=0.000666
[[-0.5 -0.5 -0.5]
 [-0.5 -0.5  0.5]
 [-0.5  0.5 -0.5]
 [-0.5  0.5  0.5]
 [ 0.5 -0.5 -0.5]
 [ 0.5 -0.5  0.5]
 [ 0.5  0.5 -0.5]
 [ 0.5  0.5  0.5]]
[[0. 0. 0.]
 [0. 0. 1.]
 [0. 1. 0.]
 [0. 1. 1.]
 [1. 0. 0.]
 [1. 0. 1.]
 [1. 1. 0.]
 [1. 1. 1.]]
[[-0.1699694  -0.28750825 -0.9291273 ]
 [-0.06615611 -0.10766338  0.59963736]
 [-0.50913635  0.31518996 -0.67903465]
 [-0.99859199  0.24708769  0.0551653 ]
 [ 0.9358649  -0.9568216  -0.00631169]
 [ 0.62546365 -0.07325136  0.21489485]
 [ 0.53686802  0.9416167  -0.90230528]
 [ 0.28647254  0.78257439  0.22962873]]
[[0.50316845 0.66443734 0.11689094]
 [0.30913697 0.84937037 0.47291071]
 [0.99334398 0.00817214 0.95344423]
 [0.35771527 0.31792395 0.64629953]
 [0.30969481 0.85247779 0.95825703]
 [0.883801   0.93632691 0.88113996]
 [0.46686686 0.7374958  0.15242162]
 [0.93343639 0.81821352 0.31957704]]
tensor([[-0.5004, -0.5008, -0.4998],
        [-0.4998, -0.4995,  0.5000],
        [-0.4996,  0.5000, -0.4998],
        [-0.5001,  0.5000,  0.5000],
        [ 0.5008, -0.4983, -0.5005],
        [ 0.5001, -0.5007,  0.4998],
        [ 0.5001,  0.5000, -0.5000],
        [ 0.5000,  0.5000,  0.5001]], device='cuda:0', requires_grad=True)
tensor([[-3.4945e-04, -4.9433e-04, -6.8534e-04],
        [ 9.9777e-04,  2.2173e-03,  1.0017e+00],
        [ 2.4484e-03,  1.0027e+00,  3.0456e-03],
        [-7.4873e-04,  9.9875e-01,  9.9916e-01],
        [ 1.0022e+00,  3.0396e-03,  1.9887e-03],
        [ 9.9988e-01, -1.5125e-03,  9.9990e-01],
        [ 9.9861e-01,  9.9846e-01, -1.1887e-03],
        [ 9.9916e-01,  9.9877e-01,  9.9873e-01]], device='cuda:0',
       requires_grad=True)
[0.0007285875617526472, 0.000716340378858149, 0.0007046263199299574, 0.0006937014404684305, 0.000675320508889854, 0.0006575210718438029, 0.0006429303903132677, 0.0006289741140790284, 0.0006146773812361062, 0.0006022631423547864]
iter=830,err=0.000561
[[-0.5 -0.5 -0.5]
 [-0.5 -0.5  0.5]
 [-0.5  0.5 -0.5]
 [-0.5  0.5  0.5]
 [ 0.5 -0.5 -0.5]
 [ 0.5 -0.5  0.5]
 [ 0.5  0.5 -0.5]
 [ 0.5  0.5  0.5]]
[[0. 0. 0.]
 [0. 0. 1.]
 [0. 1. 0.]
 [0. 1. 1.]
 [1. 0. 0.]
 [1. 0. 1.]
 [1. 1. 0.]
 [1. 1. 1.]]
[[-0.1699694  -0.28750825 -0.9291273 ]
 [-0.06615611 -0.10766338  0.59963736]
 [-0.50913635  0.31518996 -0.67903465]
 [-0.99859199  0.24708769  0.0551653 ]
 [ 0.9358649  -0.9568216  -0.00631169]
 [ 0.62546365 -0.07325136  0.21489485]
 [ 0.53686802  0.9416167  -0.90230528]
 [ 0.28647254  0.78257439  0.22962873]]
[[0.50316845 0.66443734 0.11689094]
 [0.30913697 0.84937037 0.47291071]
 [0.99334398 0.00817214 0.95344423]
 [0.35771527 0.31792395 0.64629953]
 [0.30969481 0.85247779 0.95825703]
 [0.883801   0.93632691 0.88113996]
 [0.46686686 0.7374958  0.15242162]
 [0.93343639 0.81821352 0.31957704]]
tensor([[-0.5004, -0.5007, -0.4998],
        [-0.4998, -0.4994,  0.5001],
        [-0.4996,  0.5000, -0.4998],
        [-0.5001,  0.5000,  0.5001],
        [ 0.5006, -0.4991, -0.5005],
        [ 0.4999, -0.5005,  0.4999],
        [ 0.5000,  0.5000, -0.4998],
        [ 0.5000,  0.5001,  0.5001]], device='cuda:0', requires_grad=True)
tensor([[-2.2436e-04, -4.7375e-04, -7.1495e-04],
        [ 8.8595e-04,  2.0735e-03,  1.0016e+00],
        [ 2.3016e-03,  1.0025e+00,  2.7808e-03],
        [-7.1764e-04,  9.9880e-01,  9.9920e-01],
        [ 1.0021e+00,  3.0035e-03,  1.7265e-03],
        [ 9.9987e-01, -1.4200e-03,  9.9961e-01],
        [ 9.9873e-01,  9.9862e-01, -1.0643e-03],
        [ 9.9921e-01,  9.9893e-01,  9.9886e-01]], device='cuda:0',
       requires_grad=True)
[0.0005935985827818513, 0.0005863741971552372, 0.0005800570361316204, 0.0005736070452257991, 0.0005682072369381785, 0.0005620545707643032, 0.0005551548674702644, 0.0005435612984001637, 0.0005306794191710651, 0.0005161650478839874]
iter=840,err=0.000440
[[-0.5 -0.5 -0.5]
 [-0.5 -0.5  0.5]
 [-0.5  0.5 -0.5]
 [-0.5  0.5  0.5]
 [ 0.5 -0.5 -0.5]
 [ 0.5 -0.5  0.5]
 [ 0.5  0.5 -0.5]
 [ 0.5  0.5  0.5]]
[[0. 0. 0.]
 [0. 0. 1.]
 [0. 1. 0.]
 [0. 1. 1.]
 [1. 0. 0.]
 [1. 0. 1.]
 [1. 1. 0.]
 [1. 1. 1.]]
[[-0.1699694  -0.28750825 -0.9291273 ]
 [-0.06615611 -0.10766338  0.59963736]
 [-0.50913635  0.31518996 -0.67903465]
 [-0.99859199  0.24708769  0.0551653 ]
 [ 0.9358649  -0.9568216  -0.00631169]
 [ 0.62546365 -0.07325136  0.21489485]
 [ 0.53686802  0.9416167  -0.90230528]
 [ 0.28647254  0.78257439  0.22962873]]
[[0.50316845 0.66443734 0.11689094]
 [0.30913697 0.84937037 0.47291071]
 [0.99334398 0.00817214 0.95344423]
 [0.35771527 0.31792395 0.64629953]
 [0.30969481 0.85247779 0.95825703]
 [0.883801   0.93632691 0.88113996]
 [0.46686686 0.7374958  0.15242162]
 [0.93343639 0.81821352 0.31957704]]
tensor([[-0.5004, -0.5004, -0.4999],
        [-0.4998, -0.4996,  0.5001],
        [-0.4997,  0.5001, -0.4998],
        [-0.5001,  0.5000,  0.5000],
        [ 0.5003, -0.4992, -0.5001],
        [ 0.4999, -0.5002,  0.5001],
        [ 0.5000,  0.5001, -0.4997],
        [ 0.5001,  0.5001,  0.5001]], device='cuda:0', requires_grad=True)
tensor([[-2.1789e-04, -4.7357e-04, -7.5412e-04],
        [ 7.7502e-04,  1.9449e-03,  1.0015e+00],
        [ 2.2009e-03,  1.0023e+00,  2.6114e-03],
        [-6.8073e-04,  9.9888e-01,  9.9924e-01],
        [ 1.0020e+00,  2.8952e-03,  1.3265e-03],
        [ 9.9981e-01, -1.3206e-03,  9.9920e-01],
        [ 9.9881e-01,  9.9872e-01, -9.5202e-04],
        [ 9.9925e-01,  9.9906e-01,  9.9896e-01]], device='cuda:0',
       requires_grad=True)
[0.0005019119707867503, 0.00048776017501950264, 0.0004742401069961488, 0.0004608690505847335, 0.0004469859995879233, 0.000433021632488817, 0.0004191519692540169, 0.0004049297422170639, 0.00039031641790643334, 0.00037751521449536085]
iter=850,err=0.000318
[[-0.5 -0.5 -0.5]
 [-0.5 -0.5  0.5]
 [-0.5  0.5 -0.5]
 [-0.5  0.5  0.5]
 [ 0.5 -0.5 -0.5]
 [ 0.5 -0.5  0.5]
 [ 0.5  0.5 -0.5]
 [ 0.5  0.5  0.5]]
[[0. 0. 0.]
 [0. 0. 1.]
 [0. 1. 0.]
 [0. 1. 1.]
 [1. 0. 0.]
 [1. 0. 1.]
 [1. 1. 0.]
 [1. 1. 1.]]
[[-0.1699694  -0.28750825 -0.9291273 ]
 [-0.06615611 -0.10766338  0.59963736]
 [-0.50913635  0.31518996 -0.67903465]
 [-0.99859199  0.24708769  0.0551653 ]
 [ 0.9358649  -0.9568216  -0.00631169]
 [ 0.62546365 -0.07325136  0.21489485]
 [ 0.53686802  0.9416167  -0.90230528]
 [ 0.28647254  0.78257439  0.22962873]]
[[0.50316845 0.66443734 0.11689094]
 [0.30913697 0.84937037 0.47291071]
 [0.99334398 0.00817214 0.95344423]
 [0.35771527 0.31792395 0.64629953]
 [0.30969481 0.85247779 0.95825703]
 [0.883801   0.93632691 0.88113996]
 [0.46686686 0.7374958  0.15242162]
 [0.93343639 0.81821352 0.31957704]]
tensor([[-0.5002, -0.5003, -0.5000],
        [-0.4998, -0.4997,  0.5001],
        [-0.4997,  0.5001, -0.4998],
        [-0.5001,  0.5000,  0.5000],
        [ 0.5001, -0.4994, -0.4999],
        [ 0.4999, -0.5001,  0.5001],
        [ 0.5000,  0.5001, -0.4998],
        [ 0.5001,  0.5000,  0.5000]], device='cuda:0', requires_grad=True)
tensor([[-2.8188e-04, -5.0152e-04, -6.6761e-04],
        [ 7.2102e-04,  1.8498e-03,  1.0014e+00],
        [ 2.0472e-03,  1.0021e+00,  2.3940e-03],
        [-6.4170e-04,  9.9896e-01,  9.9930e-01],
        [ 1.0019e+00,  2.7684e-03,  1.1139e-03],
        [ 9.9974e-01, -1.2453e-03,  9.9918e-01],
        [ 9.9887e-01,  9.9881e-01, -8.3388e-04],
        [ 9.9930e-01,  9.9915e-01,  9.9907e-01]], device='cuda:0',
       requires_grad=True)
[0.0003646036784630269, 0.000352153874700889, 0.0003413670929148793, 0.00033151183743029833, 0.00032143580028787255, 0.0003125077055301517, 0.0003025324549525976, 0.0002937421668320894, 0.00028538680635392666, 0.0002763636875897646]
iter=860,err=0.000239
[[-0.5 -0.5 -0.5]
 [-0.5 -0.5  0.5]
 [-0.5  0.5 -0.5]
 [-0.5  0.5  0.5]
 [ 0.5 -0.5 -0.5]
 [ 0.5 -0.5  0.5]
 [ 0.5  0.5 -0.5]
 [ 0.5  0.5  0.5]]
[[0. 0. 0.]
 [0. 0. 1.]
 [0. 1. 0.]
 [0. 1. 1.]
 [1. 0. 0.]
 [1. 0. 1.]
 [1. 1. 0.]
 [1. 1. 1.]]
[[-0.1699694  -0.28750825 -0.9291273 ]
 [-0.06615611 -0.10766338  0.59963736]
 [-0.50913635  0.31518996 -0.67903465]
 [-0.99859199  0.24708769  0.0551653 ]
 [ 0.9358649  -0.9568216  -0.00631169]
 [ 0.62546365 -0.07325136  0.21489485]
 [ 0.53686802  0.9416167  -0.90230528]
 [ 0.28647254  0.78257439  0.22962873]]
[[0.50316845 0.66443734 0.11689094]
 [0.30913697 0.84937037 0.47291071]
 [0.99334398 0.00817214 0.95344423]
 [0.35771527 0.31792395 0.64629953]
 [0.30969481 0.85247779 0.95825703]
 [0.883801   0.93632691 0.88113996]
 [0.46686686 0.7374958  0.15242162]
 [0.93343639 0.81821352 0.31957704]]
tensor([[-0.5001, -0.5002, -0.5000],
        [-0.4999, -0.4997,  0.5000],
        [-0.4997,  0.5001, -0.4998],
        [-0.5001,  0.5001,  0.5000],
        [ 0.5001, -0.4997, -0.4999],
        [ 0.5000, -0.5001,  0.5001],
        [ 0.5000,  0.5001, -0.5000],
        [ 0.5001,  0.5000,  0.5000]], device='cuda:0', requires_grad=True)
tensor([[-3.2896e-04, -5.1355e-04, -5.9268e-04],
        [ 6.6684e-04,  1.7349e-03,  1.0013e+00],
        [ 1.9226e-03,  1.0020e+00,  2.2167e-03],
        [-5.9032e-04,  9.9905e-01,  9.9935e-01],
        [ 1.0018e+00,  2.6425e-03,  1.0243e-03],
        [ 9.9972e-01, -1.1476e-03,  9.9942e-01],
        [ 9.9893e-01,  9.9888e-01, -7.3355e-04],
        [ 9.9939e-01,  9.9925e-01,  9.9924e-01]], device='cuda:0',
       requires_grad=True)
[0.000267795316176489, 0.00026017718482762575, 0.0002531418576836586, 0.0002452410408295691, 0.00023844439419917762, 0.0002328595146536827, 0.00022771349176764488, 0.00022371206432580948, 0.00022083093062974513, 0.00021800406102556735]
iter=870,err=0.000205
[[-0.5 -0.5 -0.5]
 [-0.5 -0.5  0.5]
 [-0.5  0.5 -0.5]
 [-0.5  0.5  0.5]
 [ 0.5 -0.5 -0.5]
 [ 0.5 -0.5  0.5]
 [ 0.5  0.5 -0.5]
 [ 0.5  0.5  0.5]]
[[0. 0. 0.]
 [0. 0. 1.]
 [0. 1. 0.]
 [0. 1. 1.]
 [1. 0. 0.]
 [1. 0. 1.]
 [1. 1. 0.]
 [1. 1. 1.]]
[[-0.1699694  -0.28750825 -0.9291273 ]
 [-0.06615611 -0.10766338  0.59963736]
 [-0.50913635  0.31518996 -0.67903465]
 [-0.99859199  0.24708769  0.0551653 ]
 [ 0.9358649  -0.9568216  -0.00631169]
 [ 0.62546365 -0.07325136  0.21489485]
 [ 0.53686802  0.9416167  -0.90230528]
 [ 0.28647254  0.78257439  0.22962873]]
[[0.50316845 0.66443734 0.11689094]
 [0.30913697 0.84937037 0.47291071]
 [0.99334398 0.00817214 0.95344423]
 [0.35771527 0.31792395 0.64629953]
 [0.30969481 0.85247779 0.95825703]
 [0.883801   0.93632691 0.88113996]
 [0.46686686 0.7374958  0.15242162]
 [0.93343639 0.81821352 0.31957704]]
tensor([[-0.5001, -0.5002, -0.5001],
        [-0.4999, -0.4997,  0.5000],
        [-0.4998,  0.5001, -0.4997],
        [-0.5001,  0.5001,  0.5000],
        [ 0.5000, -0.4999, -0.4999],
        [ 0.5000, -0.5002,  0.5000],
        [ 0.5000,  0.5000, -0.5001],
        [ 0.5001,  0.5000,  0.5000]], device='cuda:0', requires_grad=True)
tensor([[-3.6631e-04, -5.1220e-04, -5.1425e-04],
        [ 6.1807e-04,  1.6288e-03,  1.0013e+00],
        [ 1.8143e-03,  1.0019e+00,  2.0544e-03],
        [-5.5545e-04,  9.9912e-01,  9.9939e-01],
        [ 1.0017e+00,  2.4989e-03,  9.6999e-04],
        [ 9.9968e-01, -1.0551e-03,  9.9963e-01],
        [ 9.9899e-01,  9.9893e-01, -6.6305e-04],
        [ 9.9945e-01,  9.9931e-01,  9.9933e-01]], device='cuda:0',
       requires_grad=True)
[0.0002154086687369272, 0.00021279304928611964, 0.0002108098124153912, 0.00020827364642173052, 0.0002060077094938606, 0.00020328527898527682, 0.00020068490994162858, 0.0001985041453735903, 0.00019670152687467635, 0.00019505881937220693]
iter=880,err=0.000180
[[-0.5 -0.5 -0.5]
 [-0.5 -0.5  0.5]
 [-0.5  0.5 -0.5]
 [-0.5  0.5  0.5]
 [ 0.5 -0.5 -0.5]
 [ 0.5 -0.5  0.5]
 [ 0.5  0.5 -0.5]
 [ 0.5  0.5  0.5]]
[[0. 0. 0.]
 [0. 0. 1.]
 [0. 1. 0.]
 [0. 1. 1.]
 [1. 0. 0.]
 [1. 0. 1.]
 [1. 1. 0.]
 [1. 1. 1.]]
[[-0.1699694  -0.28750825 -0.9291273 ]
 [-0.06615611 -0.10766338  0.59963736]
 [-0.50913635  0.31518996 -0.67903465]
 [-0.99859199  0.24708769  0.0551653 ]
 [ 0.9358649  -0.9568216  -0.00631169]
 [ 0.62546365 -0.07325136  0.21489485]
 [ 0.53686802  0.9416167  -0.90230528]
 [ 0.28647254  0.78257439  0.22962873]]
[[0.50316845 0.66443734 0.11689094]
 [0.30913697 0.84937037 0.47291071]
 [0.99334398 0.00817214 0.95344423]
 [0.35771527 0.31792395 0.64629953]
 [0.30969481 0.85247779 0.95825703]
 [0.883801   0.93632691 0.88113996]
 [0.46686686 0.7374958  0.15242162]
 [0.93343639 0.81821352 0.31957704]]
tensor([[-0.5001, -0.5002, -0.5001],
        [-0.4999, -0.4998,  0.5000],
        [-0.4998,  0.4999, -0.4997],
        [-0.5000,  0.5000,  0.5001],
        [ 0.4999, -0.4998, -0.4999],
        [ 0.5000, -0.5001,  0.5000],
        [ 0.4999,  0.5000, -0.5001],
        [ 0.5000,  0.5000,  0.5000]], device='cuda:0', requires_grad=True)
tensor([[-3.7503e-04, -5.0547e-04, -4.8113e-04],
        [ 5.8532e-04,  1.5190e-03,  1.0011e+00],
        [ 1.7307e-03,  1.0018e+00,  1.9369e-03],
        [-5.0400e-04,  9.9920e-01,  9.9942e-01],
        [ 1.0016e+00,  2.3605e-03,  9.2154e-04],
        [ 9.9966e-01, -9.8920e-04,  9.9971e-01],
        [ 9.9905e-01,  9.9898e-01, -6.0732e-04],
        [ 9.9953e-01,  9.9937e-01,  9.9943e-01]], device='cuda:0',
       requires_grad=True)
[0.00019240734400227666, 0.00018904238822869956, 0.0001859531330410391, 0.00018347598961554468, 0.0001800923637347296, 0.00017753001884557307, 0.00017536545055918396, 0.00017385499086230993, 0.0001728497736621648, 0.00017204367031808943]
iter=890,err=0.000228
[[-0.5 -0.5 -0.5]
 [-0.5 -0.5  0.5]
 [-0.5  0.5 -0.5]
 [-0.5  0.5  0.5]
 [ 0.5 -0.5 -0.5]
 [ 0.5 -0.5  0.5]
 [ 0.5  0.5 -0.5]
 [ 0.5  0.5  0.5]]
[[0. 0. 0.]
 [0. 0. 1.]
 [0. 1. 0.]
 [0. 1. 1.]
 [1. 0. 0.]
 [1. 0. 1.]
 [1. 1. 0.]
 [1. 1. 1.]]
[[-0.1699694  -0.28750825 -0.9291273 ]
 [-0.06615611 -0.10766338  0.59963736]
 [-0.50913635  0.31518996 -0.67903465]
 [-0.99859199  0.24708769  0.0551653 ]
 [ 0.9358649  -0.9568216  -0.00631169]
 [ 0.62546365 -0.07325136  0.21489485]
 [ 0.53686802  0.9416167  -0.90230528]
 [ 0.28647254  0.78257439  0.22962873]]
[[0.50316845 0.66443734 0.11689094]
 [0.30913697 0.84937037 0.47291071]
 [0.99334398 0.00817214 0.95344423]
 [0.35771527 0.31792395 0.64629953]
 [0.30969481 0.85247779 0.95825703]
 [0.883801   0.93632691 0.88113996]
 [0.46686686 0.7374958  0.15242162]
 [0.93343639 0.81821352 0.31957704]]
tensor([[-0.5001, -0.5002, -0.5001],
        [-0.4999, -0.4998,  0.5000],
        [-0.4999,  0.5000, -0.4998],
        [-0.5000,  0.5000,  0.5001],
        [ 0.4999, -0.4998, -0.4999],
        [ 0.5000, -0.5001,  0.5000],
        [ 0.4984,  0.4973, -0.4997],
        [ 0.4999,  0.4998,  0.5001]], device='cuda:0', requires_grad=True)
tensor([[-3.7328e-04, -5.0271e-04, -4.7228e-04],
        [ 5.4305e-04,  1.3933e-03,  1.0010e+00],
        [ 1.6403e-03,  1.0017e+00,  1.8114e-03],
        [-4.6327e-04,  9.9926e-01,  9.9944e-01],
        [ 1.0015e+00,  2.2408e-03,  8.7798e-04],
        [ 9.9967e-01, -9.2847e-04,  9.9971e-01],
        [ 9.9881e-01,  9.9875e-01, -6.4975e-04],
        [ 9.9953e-01,  9.9936e-01,  9.9947e-01]], device='cuda:0',
       requires_grad=True)
[0.0001708508061710745, 0.0001699355780147016, 0.00016954225429799408, 0.00016933077131398022, 0.00016904628137126565, 0.00016885231889318675, 0.00016791370580904186, 0.00016679472173564136, 0.00036635861033573747, 0.0005607424536719918]
iter=900,err=0.001222
[[-0.5 -0.5 -0.5]
 [-0.5 -0.5  0.5]
 [-0.5  0.5 -0.5]
 [-0.5  0.5  0.5]
 [ 0.5 -0.5 -0.5]
 [ 0.5 -0.5  0.5]
 [ 0.5  0.5 -0.5]
 [ 0.5  0.5  0.5]]
[[0. 0. 0.]
 [0. 0. 1.]
 [0. 1. 0.]
 [0. 1. 1.]
 [1. 0. 0.]
 [1. 0. 1.]
 [1. 1. 0.]
 [1. 1. 1.]]
[[-0.1699694  -0.28750825 -0.9291273 ]
 [-0.06615611 -0.10766338  0.59963736]
 [-0.50913635  0.31518996 -0.67903465]
 [-0.99859199  0.24708769  0.0551653 ]
 [ 0.9358649  -0.9568216  -0.00631169]
 [ 0.62546365 -0.07325136  0.21489485]
 [ 0.53686802  0.9416167  -0.90230528]
 [ 0.28647254  0.78257439  0.22962873]]
[[0.50316845 0.66443734 0.11689094]
 [0.30913697 0.84937037 0.47291071]
 [0.99334398 0.00817214 0.95344423]
 [0.35771527 0.31792395 0.64629953]
 [0.30969481 0.85247779 0.95825703]
 [0.883801   0.93632691 0.88113996]
 [0.46686686 0.7374958  0.15242162]
 [0.93343639 0.81821352 0.31957704]]
tensor([[-0.5000, -0.5001, -0.5001],
        [-0.4999, -0.4997,  0.5000],
        [-0.4998,  0.5016, -0.5001],
        [-0.5000,  0.4999,  0.5001],
        [ 0.5002, -0.4998, -0.4999],
        [ 0.5001, -0.5001,  0.5001],
        [ 0.4956,  0.4920, -0.4990],
        [ 0.4998,  0.4997,  0.5001]], device='cuda:0', requires_grad=True)
tensor([[-3.7129e-04, -5.0911e-04, -4.5116e-04],
        [ 4.9207e-04,  1.2611e-03,  1.0009e+00],
        [ 1.5995e-03,  1.0016e+00,  1.7151e-03],
        [-4.1679e-04,  9.9933e-01,  9.9948e-01],
        [ 1.0015e+00,  2.1204e-03,  8.4078e-04],
        [ 9.9972e-01, -8.6932e-04,  9.9974e-01],
        [ 9.9826e-01,  9.9820e-01, -6.4916e-04],
        [ 9.9958e-01,  9.9939e-01,  9.9964e-01]], device='cuda:0',
       requires_grad=True)
[0.0007341811433434486, 0.0008761775097809732, 0.0010087165283039212, 0.0011285704094916582, 0.0012365429429337382, 0.0013217361411079764, 0.0014003528049215674, 0.0014718346064910293, 0.0015241303481161594, 0.0015223306836560369]
iter=910,err=0.001342
[[-0.5 -0.5 -0.5]
 [-0.5 -0.5  0.5]
 [-0.5  0.5 -0.5]
 [-0.5  0.5  0.5]
 [ 0.5 -0.5 -0.5]
 [ 0.5 -0.5  0.5]
 [ 0.5  0.5 -0.5]
 [ 0.5  0.5  0.5]]
[[0. 0. 0.]
 [0. 0. 1.]
 [0. 1. 0.]
 [0. 1. 1.]
 [1. 0. 0.]
 [1. 0. 1.]
 [1. 1. 0.]
 [1. 1. 1.]]
[[-0.1699694  -0.28750825 -0.9291273 ]
 [-0.06615611 -0.10766338  0.59963736]
 [-0.50913635  0.31518996 -0.67903465]
 [-0.99859199  0.24708769  0.0551653 ]
 [ 0.9358649  -0.9568216  -0.00631169]
 [ 0.62546365 -0.07325136  0.21489485]
 [ 0.53686802  0.9416167  -0.90230528]
 [ 0.28647254  0.78257439  0.22962873]]
[[0.50316845 0.66443734 0.11689094]
 [0.30913697 0.84937037 0.47291071]
 [0.99334398 0.00817214 0.95344423]
 [0.35771527 0.31792395 0.64629953]
 [0.30969481 0.85247779 0.95825703]
 [0.883801   0.93632691 0.88113996]
 [0.46686686 0.7374958  0.15242162]
 [0.93343639 0.81821352 0.31957704]]
tensor([[-0.5000, -0.5000, -0.5001],
        [-0.4999, -0.4998,  0.5000],
        [-0.4994,  0.5029, -0.5009],
        [-0.4999,  0.4995,  0.5001],
        [ 0.5005, -0.4997, -0.5001],
        [ 0.5000, -0.5000,  0.5000],
        [ 0.4992,  0.4973, -0.5014],
        [ 0.5010,  0.5007,  0.5000]], device='cuda:0', requires_grad=True)
tensor([[-4.0350e-04, -6.0610e-04, -4.2113e-04],
        [ 4.7283e-04,  1.1770e-03,  1.0008e+00],
        [ 1.5422e-03,  1.0016e+00,  1.5738e-03],
        [-3.8447e-04,  9.9936e-01,  9.9949e-01],
        [ 1.0015e+00,  1.9076e-03,  7.6578e-04],
        [ 9.9971e-01, -8.3333e-04,  9.9975e-01],
        [ 9.9898e-01,  9.9845e-01, -4.2974e-04],
        [ 9.9989e-01,  9.9960e-01,  9.9982e-01]], device='cuda:0',
       requires_grad=True)
[0.0015170311089605093, 0.0014871140010654926, 0.0014497307129204273, 0.0014192068483680487, 0.0013951370492577553, 0.0013407333754003048, 0.001283837016671896, 0.001225742045789957, 0.0011740021873265505, 0.0011278701713308692]
iter=920,err=0.000999
[[-0.5 -0.5 -0.5]
 [-0.5 -0.5  0.5]
 [-0.5  0.5 -0.5]
 [-0.5  0.5  0.5]
 [ 0.5 -0.5 -0.5]
 [ 0.5 -0.5  0.5]
 [ 0.5  0.5 -0.5]
 [ 0.5  0.5  0.5]]
[[0. 0. 0.]
 [0. 0. 1.]
 [0. 1. 0.]
 [0. 1. 1.]
 [1. 0. 0.]
 [1. 0. 1.]
 [1. 1. 0.]
 [1. 1. 1.]]
[[-0.1699694  -0.28750825 -0.9291273 ]
 [-0.06615611 -0.10766338  0.59963736]
 [-0.50913635  0.31518996 -0.67903465]
 [-0.99859199  0.24708769  0.0551653 ]
 [ 0.9358649  -0.9568216  -0.00631169]
 [ 0.62546365 -0.07325136  0.21489485]
 [ 0.53686802  0.9416167  -0.90230528]
 [ 0.28647254  0.78257439  0.22962873]]
[[0.50316845 0.66443734 0.11689094]
 [0.30913697 0.84937037 0.47291071]
 [0.99334398 0.00817214 0.95344423]
 [0.35771527 0.31792395 0.64629953]
 [0.30969481 0.85247779 0.95825703]
 [0.883801   0.93632691 0.88113996]
 [0.46686686 0.7374958  0.15242162]
 [0.93343639 0.81821352 0.31957704]]
tensor([[-0.5001, -0.5000, -0.4998],
        [-0.4999, -0.4998,  0.5000],
        [-0.4985,  0.5008, -0.4998],
        [-0.4999,  0.4992,  0.5002],
        [ 0.5002, -0.4996, -0.4998],
        [ 0.4997, -0.5001,  0.4998],
        [ 0.5017,  0.5008, -0.5009],
        [ 0.5014,  0.5011,  0.4997]], device='cuda:0', requires_grad=True)
tensor([[-4.0802e-04, -6.0667e-04, -3.9852e-04],
        [ 4.9973e-04,  1.1298e-03,  1.0008e+00],
        [ 1.4197e-03,  1.0008e+00,  1.2942e-03],
        [-3.5994e-04,  9.9933e-01,  9.9946e-01],
        [ 1.0013e+00,  1.6970e-03,  6.1275e-04],
        [ 9.9967e-01, -7.8815e-04,  9.9970e-01],
        [ 9.9929e-01,  9.9858e-01, -4.5421e-04],
        [ 9.9995e-01,  9.9969e-01,  9.9956e-01]], device='cuda:0',
       requires_grad=True)
[0.001090628793463111, 0.0010582547402009368, 0.0010280341375619173, 0.0010079419007524848, 0.0009830901399254799, 0.0009741008980199695, 0.0009759563836269081, 0.0009580064797773957, 0.0009558763704262674, 0.000959656317718327]
iter=930,err=0.000921
[[-0.5 -0.5 -0.5]
 [-0.5 -0.5  0.5]
 [-0.5  0.5 -0.5]
 [-0.5  0.5  0.5]
 [ 0.5 -0.5 -0.5]
 [ 0.5 -0.5  0.5]
 [ 0.5  0.5 -0.5]
 [ 0.5  0.5  0.5]]
[[0. 0. 0.]
 [0. 0. 1.]
 [0. 1. 0.]
 [0. 1. 1.]
 [1. 0. 0.]
 [1. 0. 1.]
 [1. 1. 0.]
 [1. 1. 1.]]
[[-0.1699694  -0.28750825 -0.9291273 ]
 [-0.06615611 -0.10766338  0.59963736]
 [-0.50913635  0.31518996 -0.67903465]
 [-0.99859199  0.24708769  0.0551653 ]
 [ 0.9358649  -0.9568216  -0.00631169]
 [ 0.62546365 -0.07325136  0.21489485]
 [ 0.53686802  0.9416167  -0.90230528]
 [ 0.28647254  0.78257439  0.22962873]]
[[0.50316845 0.66443734 0.11689094]
 [0.30913697 0.84937037 0.47291071]
 [0.99334398 0.00817214 0.95344423]
 [0.35771527 0.31792395 0.64629953]
 [0.30969481 0.85247779 0.95825703]
 [0.883801   0.93632691 0.88113996]
 [0.46686686 0.7374958  0.15242162]
 [0.93343639 0.81821352 0.31957704]]
tensor([[-0.5002, -0.5002, -0.4994],
        [-0.5000, -0.4999,  0.5000],
        [-0.4989,  0.4991, -0.4993],
        [-0.5001,  0.4994,  0.5003],
        [ 0.4999, -0.4998, -0.4996],
        [ 0.4996, -0.5003,  0.4998],
        [ 0.5013,  0.5006, -0.4992],
        [ 0.5005,  0.5006,  0.4994]], device='cuda:0', requires_grad=True)
tensor([[-3.3328e-04, -5.0123e-04, -3.0221e-04],
        [ 5.0721e-04,  1.0695e-03,  1.0007e+00],
        [ 1.3785e-03,  1.0003e+00,  1.1601e-03],
        [-3.6778e-04,  9.9936e-01,  9.9940e-01],
        [ 1.0012e+00,  1.5914e-03,  5.3631e-04],
        [ 9.9967e-01, -7.1377e-04,  9.9976e-01],
        [ 9.9920e-01,  9.9863e-01, -4.9635e-04],
        [ 9.9975e-01,  9.9973e-01,  9.9917e-01]], device='cuda:0',
       requires_grad=True)
[0.0009542288607917726, 0.0009508542716503143, 0.0009495402919128537, 0.0009508250514045358, 0.0009573884890414774, 0.000950228946749121, 0.0009318098891526461, 0.0008928484749048948, 0.0008525840239599347, 0.0008177245035767555]
iter=940,err=0.000883
[[-0.5 -0.5 -0.5]
 [-0.5 -0.5  0.5]
 [-0.5  0.5 -0.5]
 [-0.5  0.5  0.5]
 [ 0.5 -0.5 -0.5]
 [ 0.5 -0.5  0.5]
 [ 0.5  0.5 -0.5]
 [ 0.5  0.5  0.5]]
[[0. 0. 0.]
 [0. 0. 1.]
 [0. 1. 0.]
 [0. 1. 1.]
 [1. 0. 0.]
 [1. 0. 1.]
 [1. 1. 0.]
 [1. 1. 1.]]
[[-0.1699694  -0.28750825 -0.9291273 ]
 [-0.06615611 -0.10766338  0.59963736]
 [-0.50913635  0.31518996 -0.67903465]
 [-0.99859199  0.24708769  0.0551653 ]
 [ 0.9358649  -0.9568216  -0.00631169]
 [ 0.62546365 -0.07325136  0.21489485]
 [ 0.53686802  0.9416167  -0.90230528]
 [ 0.28647254  0.78257439  0.22962873]]
[[0.50316845 0.66443734 0.11689094]
 [0.30913697 0.84937037 0.47291071]
 [0.99334398 0.00817214 0.95344423]
 [0.35771527 0.31792395 0.64629953]
 [0.30969481 0.85247779 0.95825703]
 [0.883801   0.93632691 0.88113996]
 [0.46686686 0.7374958  0.15242162]
 [0.93343639 0.81821352 0.31957704]]
tensor([[-0.5003, -0.5003, -0.4995],
        [-0.4999, -0.4998,  0.5000],
        [-0.4998,  0.4995, -0.4999],
        [-0.5002,  0.5000,  0.5003],
        [ 0.4997, -0.5000, -0.4997],
        [ 0.4999, -0.5003,  0.5000],
        [ 0.4986,  0.4987, -0.4988],
        [ 0.4951,  0.4976,  0.4998]], device='cuda:0', requires_grad=True)
tensor([[-3.7593e-04, -3.6784e-04, -1.6695e-04],
        [ 4.7057e-04,  1.0009e-03,  1.0007e+00],
        [ 1.4034e-03,  1.0003e+00,  1.1029e-03],
        [-3.8135e-04,  9.9942e-01,  9.9938e-01],
        [ 1.0012e+00,  1.4825e-03,  5.5898e-04],
        [ 9.9966e-01, -6.5865e-04,  9.9995e-01],
        [ 9.9902e-01,  9.9855e-01, -5.9242e-04],
        [ 9.9910e-01,  9.9928e-01,  9.9859e-01]], device='cuda:0',
       requires_grad=True)
[0.0007844542851671576, 0.0007499711937271059, 0.0007106034900061786, 0.0006779424147680402, 0.0006506533245556056, 0.0007443807553499937, 0.0009220264619216323, 0.001088698860257864, 0.0012177241733297706, 0.0012881906004622579]
iter=950,err=0.001530
[[-0.5 -0.5 -0.5]
 [-0.5 -0.5  0.5]
 [-0.5  0.5 -0.5]
 [-0.5  0.5  0.5]
 [ 0.5 -0.5 -0.5]
 [ 0.5 -0.5  0.5]
 [ 0.5  0.5 -0.5]
 [ 0.5  0.5  0.5]]
[[0. 0. 0.]
 [0. 0. 1.]
 [0. 1. 0.]
 [0. 1. 1.]
 [1. 0. 0.]
 [1. 0. 1.]
 [1. 1. 0.]
 [1. 1. 1.]]
[[-0.1699694  -0.28750825 -0.9291273 ]
 [-0.06615611 -0.10766338  0.59963736]
 [-0.50913635  0.31518996 -0.67903465]
 [-0.99859199  0.24708769  0.0551653 ]
 [ 0.9358649  -0.9568216  -0.00631169]
 [ 0.62546365 -0.07325136  0.21489485]
 [ 0.53686802  0.9416167  -0.90230528]
 [ 0.28647254  0.78257439  0.22962873]]
[[0.50316845 0.66443734 0.11689094]
 [0.30913697 0.84937037 0.47291071]
 [0.99334398 0.00817214 0.95344423]
 [0.35771527 0.31792395 0.64629953]
 [0.30969481 0.85247779 0.95825703]
 [0.883801   0.93632691 0.88113996]
 [0.46686686 0.7374958  0.15242162]
 [0.93343639 0.81821352 0.31957704]]
tensor([[-0.5002, -0.5004, -0.4996],
        [-0.4997, -0.4998,  0.4999],
        [-0.5000,  0.5006, -0.5006],
        [-0.5001,  0.5008,  0.5005],
        [ 0.5003, -0.5000, -0.5002],
        [ 0.5006, -0.5002,  0.5002],
        [ 0.4976,  0.4989, -0.5004],
        [ 0.4933,  0.4972,  0.5008]], device='cuda:0', requires_grad=True)
tensor([[-4.2199e-04, -2.9614e-04, -6.6772e-05],
        [ 1.9699e-04,  8.7318e-04,  1.0006e+00],
        [ 1.2398e-03,  1.0004e+00,  1.0842e-03],
        [-5.2159e-04,  9.9950e-01,  9.9953e-01],
        [ 1.0011e+00,  1.3070e-03,  6.3207e-04],
        [ 9.9957e-01, -6.9643e-04,  1.0003e+00],
        [ 9.9920e-01,  9.9894e-01, -3.5575e-04],
        [ 9.9659e-01,  9.9762e-01,  9.9696e-01]], device='cuda:0',
       requires_grad=True)
[0.001314137945882976, 0.0013447566889226437, 0.0013602839317172766, 0.0014520209515467286, 0.0015439632115885615, 0.0016207965090870857, 0.0016333453822880983, 0.0016553698806092143, 0.0016778695862740278, 0.0016975023318082094]
iter=960,err=0.001642
[[-0.5 -0.5 -0.5]
 [-0.5 -0.5  0.5]
 [-0.5  0.5 -0.5]
 [-0.5  0.5  0.5]
 [ 0.5 -0.5 -0.5]
 [ 0.5 -0.5  0.5]
 [ 0.5  0.5 -0.5]
 [ 0.5  0.5  0.5]]
[[0. 0. 0.]
 [0. 0. 1.]
 [0. 1. 0.]
 [0. 1. 1.]
 [1. 0. 0.]
 [1. 0. 1.]
 [1. 1. 0.]
 [1. 1. 1.]]
[[-0.1699694  -0.28750825 -0.9291273 ]
 [-0.06615611 -0.10766338  0.59963736]
 [-0.50913635  0.31518996 -0.67903465]
 [-0.99859199  0.24708769  0.0551653 ]
 [ 0.9358649  -0.9568216  -0.00631169]
 [ 0.62546365 -0.07325136  0.21489485]
 [ 0.53686802  0.9416167  -0.90230528]
 [ 0.28647254  0.78257439  0.22962873]]
[[0.50316845 0.66443734 0.11689094]
 [0.30913697 0.84937037 0.47291071]
 [0.99334398 0.00817214 0.95344423]
 [0.35771527 0.31792395 0.64629953]
 [0.30969481 0.85247779 0.95825703]
 [0.883801   0.93632691 0.88113996]
 [0.46686686 0.7374958  0.15242162]
 [0.93343639 0.81821352 0.31957704]]
tensor([[-0.5001, -0.5003, -0.4997],
        [-0.4998, -0.4999,  0.4997],
        [-0.4998,  0.5005, -0.5006],
        [-0.4999,  0.5009,  0.5003],
        [ 0.5005, -0.4998, -0.5006],
        [ 0.5016, -0.4999,  0.5009],
        [ 0.4989,  0.5005, -0.5016],
        [ 0.4958,  0.4988,  0.5024]], device='cuda:0', requires_grad=True)
tensor([[-4.2868e-04, -2.6660e-04,  1.1518e-05],
        [ 2.1824e-04,  8.6418e-04,  1.0007e+00],
        [ 1.0584e-03,  1.0005e+00,  1.0580e-03],
        [-5.6467e-04,  9.9965e-01,  9.9974e-01],
        [ 1.0010e+00,  1.2040e-03,  5.8837e-04],
        [ 9.9977e-01, -6.3560e-04,  1.0006e+00],
        [ 9.9939e-01,  9.9936e-01, -1.4251e-04],
        [ 9.9596e-01,  9.9759e-01,  9.9720e-01]], device='cuda:0',
       requires_grad=True)
[0.0016887909732758999, 0.0016814569244161248, 0.0016741924919188023, 0.0016671939520165324, 0.0016595813212916255, 0.0016503424849361181, 0.001642103074118495, 0.0016357061685994267, 0.0015825813170522451, 0.0015350859612226486]
iter=970,err=0.001285
[[-0.5 -0.5 -0.5]
 [-0.5 -0.5  0.5]
 [-0.5  0.5 -0.5]
 [-0.5  0.5  0.5]
 [ 0.5 -0.5 -0.5]
 [ 0.5 -0.5  0.5]
 [ 0.5  0.5 -0.5]
 [ 0.5  0.5  0.5]]
[[0. 0. 0.]
 [0. 0. 1.]
 [0. 1. 0.]
 [0. 1. 1.]
 [1. 0. 0.]
 [1. 0. 1.]
 [1. 1. 0.]
 [1. 1. 1.]]
[[-0.1699694  -0.28750825 -0.9291273 ]
 [-0.06615611 -0.10766338  0.59963736]
 [-0.50913635  0.31518996 -0.67903465]
 [-0.99859199  0.24708769  0.0551653 ]
 [ 0.9358649  -0.9568216  -0.00631169]
 [ 0.62546365 -0.07325136  0.21489485]
 [ 0.53686802  0.9416167  -0.90230528]
 [ 0.28647254  0.78257439  0.22962873]]
[[0.50316845 0.66443734 0.11689094]
 [0.30913697 0.84937037 0.47291071]
 [0.99334398 0.00817214 0.95344423]
 [0.35771527 0.31792395 0.64629953]
 [0.30969481 0.85247779 0.95825703]
 [0.883801   0.93632691 0.88113996]
 [0.46686686 0.7374958  0.15242162]
 [0.93343639 0.81821352 0.31957704]]
tensor([[-0.5001, -0.5003, -0.4996],
        [-0.5000, -0.5000,  0.4995],
        [-0.4996,  0.5001, -0.5002],
        [-0.4997,  0.5000,  0.4990],
        [ 0.5001, -0.4993, -0.5003],
        [ 0.5013, -0.4994,  0.5006],
        [ 0.5012,  0.5017, -0.5015],
        [ 0.4990,  0.4997,  0.5014]], device='cuda:0', requires_grad=True)
tensor([[-3.5279e-04, -2.5806e-04, -1.5846e-05],
        [ 4.0939e-04,  8.8249e-04,  1.0007e+00],
        [ 9.2866e-04,  1.0005e+00,  1.0440e-03],
        [-5.5307e-04,  9.9968e-01,  9.9976e-01],
        [ 1.0009e+00,  1.1465e-03,  4.6553e-04],
        [ 9.9998e-01, -5.5612e-04,  1.0004e+00],
        [ 9.9954e-01,  9.9968e-01, -4.0266e-05],
        [ 9.9603e-01,  9.9800e-01,  9.9762e-01]], device='cuda:0',
       requires_grad=True)
[0.0014873394975438714, 0.0014267177321016788, 0.0013705288292840123, 0.0013156433124095201, 0.0012742980616167188, 0.0012412937358021736, 0.001220876001752913, 0.0012028578203171492, 0.0011842739768326283, 0.0011251354590058327]
iter=980,err=0.001962
[[-0.5 -0.5 -0.5]
 [-0.5 -0.5  0.5]
 [-0.5  0.5 -0.5]
 [-0.5  0.5  0.5]
 [ 0.5 -0.5 -0.5]
 [ 0.5 -0.5  0.5]
 [ 0.5  0.5 -0.5]
 [ 0.5  0.5  0.5]]
[[0. 0. 0.]
 [0. 0. 1.]
 [0. 1. 0.]
 [0. 1. 1.]
 [1. 0. 0.]
 [1. 0. 1.]
 [1. 1. 0.]
 [1. 1. 1.]]
[[-0.1699694  -0.28750825 -0.9291273 ]
 [-0.06615611 -0.10766338  0.59963736]
 [-0.50913635  0.31518996 -0.67903465]
 [-0.99859199  0.24708769  0.0551653 ]
 [ 0.9358649  -0.9568216  -0.00631169]
 [ 0.62546365 -0.07325136  0.21489485]
 [ 0.53686802  0.9416167  -0.90230528]
 [ 0.28647254  0.78257439  0.22962873]]
[[0.50316845 0.66443734 0.11689094]
 [0.30913697 0.84937037 0.47291071]
 [0.99334398 0.00817214 0.95344423]
 [0.35771527 0.31792395 0.64629953]
 [0.30969481 0.85247779 0.95825703]
 [0.883801   0.93632691 0.88113996]
 [0.46686686 0.7374958  0.15242162]
 [0.93343639 0.81821352 0.31957704]]
tensor([[-0.5001, -0.5004, -0.4992],
        [-0.5003, -0.5001,  0.4997],
        [-0.4996,  0.4999, -0.4998],
        [-0.4999,  0.5002,  0.4996],
        [ 0.5006, -0.4995, -0.4876],
        [ 0.5002, -0.4994,  0.4987],
        [ 0.5024,  0.5029, -0.5022],
        [ 0.4998,  0.5000,  0.4993]], device='cuda:0', requires_grad=True)
tensor([[-2.2243e-04, -2.2651e-04,  1.0585e-05],
        [ 6.6196e-04,  8.9453e-04,  1.0007e+00],
        [ 7.8319e-04,  1.0002e+00,  9.1100e-04],
        [-5.6970e-04,  9.9905e-01,  9.9917e-01],
        [ 1.0003e+00,  1.1713e-03,  5.7441e-04],
        [ 1.0002e+00, -5.1298e-04,  1.0003e+00],
        [ 9.9901e-01,  9.9922e-01,  1.0003e-05],
        [ 9.9647e-01,  9.9811e-01,  9.9790e-01]], device='cuda:0',
       requires_grad=True)
[0.001222779625095427, 0.0014000243972986937, 0.0015905795153230429, 0.0017684565391391516, 0.0019370762165635824, 0.0020777485333383083, 0.0022075443994253874, 0.0023241043090820312, 0.0024329726584255695, 0.00265707029029727]
iter=990,err=0.003324
[[-0.5 -0.5 -0.5]
 [-0.5 -0.5  0.5]
 [-0.5  0.5 -0.5]
 [-0.5  0.5  0.5]
 [ 0.5 -0.5 -0.5]
 [ 0.5 -0.5  0.5]
 [ 0.5  0.5 -0.5]
 [ 0.5  0.5  0.5]]
[[0. 0. 0.]
 [0. 0. 1.]
 [0. 1. 0.]
 [0. 1. 1.]
 [1. 0. 0.]
 [1. 0. 1.]
 [1. 1. 0.]
 [1. 1. 1.]]
[[-0.1699694  -0.28750825 -0.9291273 ]
 [-0.06615611 -0.10766338  0.59963736]
 [-0.50913635  0.31518996 -0.67903465]
 [-0.99859199  0.24708769  0.0551653 ]
 [ 0.9358649  -0.9568216  -0.00631169]
 [ 0.62546365 -0.07325136  0.21489485]
 [ 0.53686802  0.9416167  -0.90230528]
 [ 0.28647254  0.78257439  0.22962873]]
[[0.50316845 0.66443734 0.11689094]
 [0.30913697 0.84937037 0.47291071]
 [0.99334398 0.00817214 0.95344423]
 [0.35771527 0.31792395 0.64629953]
 [0.30969481 0.85247779 0.95825703]
 [0.883801   0.93632691 0.88113996]
 [0.46686686 0.7374958  0.15242162]
 [0.93343639 0.81821352 0.31957704]]
tensor([[-0.5002, -0.5005, -0.5008],
        [-0.5003, -0.5001,  0.5000],
        [-0.4998,  0.4986, -0.4990],
        [-0.5002,  0.5006,  0.5003],
        [ 0.5017, -0.5012, -0.4861],
        [ 0.5002, -0.5000,  0.4994],
        [ 0.5030,  0.5023, -0.5084],
        [ 0.4997,  0.4988,  0.4996]], device='cuda:0', requires_grad=True)
tensor([[-1.9128e-04, -3.2935e-04,  1.0498e-04],
        [ 8.4294e-04,  9.0433e-04,  1.0008e+00],
        [ 7.2170e-04,  1.0001e+00,  8.2726e-04],
        [-4.5603e-04,  9.9900e-01,  9.9915e-01],
        [ 9.9950e-01,  1.2959e-03,  1.5048e-03],
        [ 1.0008e+00, -3.8893e-04,  1.0015e+00],
        [ 9.9849e-01,  9.9893e-01,  3.6172e-05],
        [ 9.9702e-01,  9.9829e-01,  9.9876e-01]], device='cuda:0',
       requires_grad=True)
[0.0028648923616856337, 0.0030314766336232424, 0.0031525150407105684, 0.0032518329098820686, 0.0033421555999666452, 0.0034098580945283175, 0.0034800642170011997, 0.0035233451053500175, 0.003573788795620203, 0.0036148366052657366]
iter=1000,err=0.003541
[[-0.5 -0.5 -0.5]
 [-0.5 -0.5  0.5]
 [-0.5  0.5 -0.5]
 [-0.5  0.5  0.5]
 [ 0.5 -0.5 -0.5]
 [ 0.5 -0.5  0.5]
 [ 0.5  0.5 -0.5]
 [ 0.5  0.5  0.5]]
[[0. 0. 0.]
 [0. 0. 1.]
 [0. 1. 0.]
 [0. 1. 1.]
 [1. 0. 0.]
 [1. 0. 1.]
 [1. 1. 0.]
 [1. 1. 1.]]
[[-0.1699694  -0.28750825 -0.9291273 ]
 [-0.06615611 -0.10766338  0.59963736]
 [-0.50913635  0.31518996 -0.67903465]
 [-0.99859199  0.24708769  0.0551653 ]
 [ 0.9358649  -0.9568216  -0.00631169]
 [ 0.62546365 -0.07325136  0.21489485]
 [ 0.53686802  0.9416167  -0.90230528]
 [ 0.28647254  0.78257439  0.22962873]]
[[0.50316845 0.66443734 0.11689094]
 [0.30913697 0.84937037 0.47291071]
 [0.99334398 0.00817214 0.95344423]
 [0.35771527 0.31792395 0.64629953]
 [0.30969481 0.85247779 0.95825703]
 [0.883801   0.93632691 0.88113996]
 [0.46686686 0.7374958  0.15242162]
 [0.93343639 0.81821352 0.31957704]]
tensor([[-0.5001, -0.5007, -0.5015],
        [-0.5000, -0.4999,  0.5001],
        [-0.5003,  0.4974, -0.4973],
        [-0.5001,  0.5009,  0.5004],
        [ 0.5026, -0.5030, -0.4882],
        [ 0.5000, -0.5000,  0.5002],
        [ 0.5018,  0.4984, -0.5059],
        [ 0.4996,  0.4985,  0.5003]], device='cuda:0', requires_grad=True)
tensor([[-1.5159e-04, -3.2940e-04,  1.5515e-04],
        [ 8.6679e-04,  8.5769e-04,  1.0006e+00],
        [ 6.7714e-04,  1.0001e+00,  8.2235e-04],
        [-3.3408e-04,  9.9913e-01,  9.9936e-01],
        [ 9.9799e-01,  1.2774e-03,  2.7519e-03],
        [ 1.0011e+00, -3.4490e-04,  1.0022e+00],
        [ 9.9807e-01,  9.9858e-01, -3.7701e-04],
        [ 9.9773e-01,  9.9843e-01,  9.9948e-01]], device='cuda:0',
       requires_grad=True)
[0.003626362420618534, 0.0036315657198429108, 0.0036345934495329857, 0.0036094728857278824, 0.003568252082914114, 0.0035362509079277515, 0.003504872089251876, 0.0034740641713142395, 0.0034309683833271265, 0.0033930554054677486]
Done.